ccode,week,caseRate,deathRate
AUT,2021-01,331.735621718932,83.5855129229494
AUT,2021-02,287.370139120447,79.428706500706
AUT,2021-03,237.173892918869,73.8114005247013
AUT,2021-04,221.07469399164,66.171864397335
AUT,2021-05,209.323289889838,57.5212131942878
AUT,2021-06,208.694151620525,44.9384478080373
AUT,2021-07,236.960435291781,37.1865655611509
AUT,2021-08,290.190026720401,33.4791436169878
AUT,2021-09,342.869122163373,31.344567346106
AUT,2021-10,388.14460832997,32.6927207803472
AUT,2021-11,441.733707341055,38.4223728758719
AUT,2021-12,487.806850956245,40.4446030272336
AUT,2021-13,484.36905969893,44.0396788518766
AUT,2021-14,431.454037404966,47.4100624374794
AUT,2021-15,386.897566403297,45.9495628837182
AUT,2021-16,358.047082910537,40.7816413857939
AUT,2021-17,309.906770696177,35.5013737683495
AUT,2021-18,242.195764461417,30.108760031385
AUT,2021-19,165.789168575802,21.4581088283378
AUT,2021-20,111.132781429276,14.8296877766523
AUT,2021-21,82.1924210409003,11.1222658324892
AUT,2021-22,62.7340731400201,8.76299732256728
AUT,2021-23,46.1630205108064,6.17903657360513
AUT,2021-24,30.1874023150491,4.15680642224345
AUT,2021-25,18.8853826913277,3.03334522704252
AUT,2021-26,14.7398108810363,2.35926850992196
AUT,2021-27,19.3909402291681,1.23580731472103
AUT,2021-28,36.9169348743027,0.67407671712056
AUT,2021-29,53.0947760851961,1.01111507568084
AUT,2021-30,64.980995530422,1.01111507568084
AUT,2021-31,77.7210454840006,1.46049955376121
AUT,2021-32,107.492767156825,1.90988403184159
AUT,2021-33,156.902590521762,1.6851917928014
AUT,2021-34,196.616943772115,3.81976806368317
AUT,2021-35,233.028321108578,7.19015164928597
AUT,2021-36,284.977166774669,8.425958964007
AUT,2021-37,312.423323773428,11.4593041910495
AUT,2021-38,286.628654731614,14.7173416571322
AUT,2021-39,273.675147150947,13.8185727009715
AUT,2021-40,285.134451341997,13.1444959838509
AUT,2021-41,316.198153389303,15.5037644937729
AUT,2021-42,440.599011533902,16.851917928014
AUT,2021-43,656.449610967857,18.4247636012953
AUT,2021-44,1023.22598736511,26.9630686848224
AUT,2021-45,1520.48114697299,46.3989473617985
AUT,2021-46,1979.02183379425,64.0372881264532
AUT,2021-47,2022.63459739195,78.0805530664649
AUT,2021-48,1501.28119514701,86.0571275523915
AUT,2021-49,901.498966865085,75.9459767955831
AUT,2021-50,541.45212302709,56.8471364771672
AUT,2021-51,376.438142675977,34.2655664536285
AUT,2021-52,424.511047218625,21.682801067378
BEL,2021-01,196.729165003246,72.9012257820392
BEL,2021-02,232.4594443538,63.181062344434
BEL,2021-03,240.6955471237,62.0528290882834
BEL,2021-04,269.179097482825,57.8002575843311
BEL,2021-05,271.357455538931,51.2044323945276
BEL,2021-06,237.961751156873,49.9894119648269
BEL,2021-07,242.03206959637,42.4389278659728
BEL,2021-08,277.797063816345,32.9791259490177
BEL,2021-09,287.06593395149,29.5944261805659
BEL,2021-10,327.048784805996,29.681213354116
BEL,2021-11,439.004238685556,30.2887235689663
BEL,2021-12,549.597133940381,31.7641055193171
BEL,2021-13,554.318356181503,38.5335050562207
BEL,2021-14,469.223532515683,47.0386480641253
BEL,2021-15,421.473229628447,47.5593711054256
BEL,2021-16,423.469334620098,46.431137849275
BEL,2021-17,392.330096750341,45.7368404608746
BEL,2021-18,362.405879310285,44.1746713369738
BEL,2021-19,309.170627054686,34.2809335522684
BEL,2021-20,274.664046851188,23.3457496849626
BEL,2021-21,253.227614984326,19.7006883958606
BEL,2021-22,184.370671489719,15.7952655861085
BEL,2021-23,124.331304827797,11.6294812557063
BEL,2021-24,71.7469563738236,7.89763279305425
BEL,2021-25,47.0560054988353,5.55437910720299
BEL,2021-26,56.2901607645603,3.73184846265201
BEL,2021-27,100.525583123019,2.6036152065014
BEL,2021-28,148.00684577225,1.47538195035079
BEL,2021-29,172.958158167888,1.56216912390084
BEL,2021-30,188.076483800306,2.77718955360149
BEL,2021-31,204.166825776485,3.81863563620206
BEL,2021-32,222.12309198399,3.9054228097521
BEL,2021-33,235.913573861092,5.46759193365294
BEL,2021-34,242.544113920316,6.33546366915341
BEL,2021-35,241.936603705465,6.24867649560336
BEL,2021-36,238.846980327084,7.63727127240411
BEL,2021-37,245.043584518557,7.55048409885406
BEL,2021-38,244.062889457441,8.07120714015434
BEL,2021-39,234.004256042991,9.54658909050514
BEL,2021-40,245.069620670622,10.2408864789055
BEL,2021-41,327.994764997691,13.2784375531571
BEL,2021-42,545.639638826499,17.2706475364593
BEL,2021-43,822.942015753608,22.304303602362
BEL,2021-44,977.674867475986,26.2097264121141
BEL,2021-45,1141.41622781286,30.2887235689663
BEL,2021-46,1620.48142580912,39.5749511388213
BEL,2021-47,2072.50374052718,48.340455667376
BEL,2021-48,2109.70940182809,56.1513012868802
BEL,2021-49,1789.45605271106,57.2795345430308
BEL,2021-50,1266.97991050507,48.6008171880262
BEL,2021-51,887.511672874843,40.6163972214219
BEL,2021-52,1067.5343069697,32.3716157341674
BGR,2021-01,158.556117961609,140.114007344045
BGR,2021-02,127.397294562512,119.399000098109
BGR,2021-03,90.4843024839883,102.711910927771
BGR,2021-04,99.0004721295401,79.6952362100628
BGR,2021-05,127.397294562512,71.9271084928365
BGR,2021-06,156.772325670986,83.4354458516903
BGR,2021-07,185.384929429437,75.9550265684353
BGR,2021-08,247.285398998372,80.4145072949912
BGR,2021-09,336.216075938915,108.466079607197
BGR,2021-10,448.42236518774,153.492449523713
BGR,2021-11,613.811558456168,197.511839921329
BGR,2021-12,717.71745938492,203.697571251713
BGR,2021-13,716.091906732982,221.679348374922
BGR,2021-14,629.520438951004,244.69602309263
BGR,2021-15,484.846252928512,234.626227903633
BGR,2021-16,367.820847410667,216.932159214395
BGR,2021-17,271.639917934046,187.873607383289
BGR,2021-18,185.010908465274,150.039948316057
BGR,2021-19,132.273952518326,115.946498890452
BGR,2021-20,95.0013248973384,84.1547169366187
BGR,2021-21,60.1310627000113,58.5486663131689
BGR,2021-22,41.156691479601,46.8964747373294
BGR,2021-23,29.82097918113,34.6688662935472
BGR,2021-24,22.7145808620378,25.3183421894785
BGR,2021-25,17.5645998939507,18.5571939911518
BGR,2021-26,14.8025989278258,13.6661506136389
BGR,2021-27,13.3928276013662,16.2555265193811
BGR,2021-28,12.8893378419163,12.2276084437822
BGR,2021-29,17.0179538694051,7.62427350024067
BGR,2021-30,30.5546356877569,6.32958554736961
BGR,2021-31,61.0517296887196,8.48739880215471
BGR,2021-32,113.75991479227,18.1256313401948
BGR,2021-33,187.55712810592,30.9286566519197
BGR,2021-34,261.613279010145,52.6506434167563
BGR,2021-35,296.828791328238,88.6141976631746
BGR,2021-36,283.205796979694,109.904621777054
BGR,2021-37,290.340966142184,129.756503721077
BGR,2021-38,309.718129170154,140.97713264596
BGR,2021-39,341.696921606069,145.29275915553
BGR,2021-40,401.008015269262,167.87787122228
BGR,2021-41,491.08952594569,177.803812194292
BGR,2021-42,688.083490685871,203.841425468699
BGR,2021-43,883.495059039209,242.68206405483
BGR,2021-44,912.51045460522,283.680515895747
BGR,2021-45,773.705520635744,326.980635208435
BGR,2021-46,590.507175304489,312.882921943839
BGR,2021-47,486.356722206862,266.418009857466
BGR,2021-48,430.109723365464,233.763102601719
BGR,2021-49,367.231045121026,207.581635110326
BGR,2021-50,314.796183029748,178.666937496206
BGR,2021-51,283.766828425939,149.896094099071
BGR,2021-52,343.049151245734,134.64754709859
HRV,2021-01,369.058429117594,163.620749772373
HRV,2021-02,299.889235652074,143.660989634478
HRV,2021-03,217.610668861419,112.366057072593
HRV,2021-04,182.151292517677,98.320299938519
HRV,2021-05,158.174938673021,83.5352924289673
HRV,2021-06,128.259940145361,70.2287856703707
HRV,2021-07,111.971790205672,61.8506147482914
HRV,2021-08,131.561925155828,48.7905247815207
HRV,2021-09,162.413307492426,39.426686692138
HRV,2021-10,199.844018170774,36.4696851902276
HRV,2021-11,275.518614940497,43.6157721531776
HRV,2021-12,402.84217127692,55.6901949526449
HRV,2021-13,551.357571710367,73.1857871722811
HRV,2021-14,626.292918104611,103.987886150514
HRV,2021-15,690.854117562987,127.643898165797
HRV,2021-16,741.66526003748,140.950404924393
HRV,2021-17,673.259958626621,152.039160556557
HRV,2021-18,534.995496733129,147.357241511866
HRV,2021-19,369.230920871872,128.136731749448
HRV,2021-20,229.487958227426,104.973553317817
HRV,2021-21,139.841529361177,70.9680360458483
HRV,2021-22,87.4286777398159,39.9195202757897
HRV,2021-23,59.1400300382069,31.0485157700586
HRV,2021-24,38.8352863917559,22.4239280561535
HRV,2021-25,26.7362219131061,12.3208395912931
HRV,2021-26,26.1694632919066,9.1174212975569
HRV,2021-27,28.9539730395388,6.65325337929828
HRV,2021-28,33.6851754425954,5.17475262834311
HRV,2021-29,44.5275142829333,4.43550225286552
HRV,2021-30,53.5710105429424,6.40683658747242
HRV,2021-31,60.150338884693,6.40683658747242
HRV,2021-32,80.8493493980654,4.68191904469138
HRV,2021-33,117.023334438102,7.39250375477587
HRV,2021-34,154.306195041355,11.3351724239897
HRV,2021-35,201.667502430286,17.7420090114621
HRV,2021-36,264.947334571167,28.5843478518
HRV,2021-37,350.552528051472,34.2519340637948
HRV,2021-38,394.907550580127,39.1802699003121
HRV,2021-39,410.776791973712,42.1372714022224
HRV,2021-40,441.578890951945,42.3836881940483
HRV,2021-41,475.954033411653,54.7045277853414
HRV,2021-42,689.400258491215,69.4895352948931
HRV,2021-43,1065.53084953421,84.7673763880966
HRV,2021-44,1393.83194128381,119.758560827369
HRV,2021-45,1685.81119791827,168.795502400716
HRV,2021-46,1703.67641532565,204.525937215466
HRV,2021-47,1588.40264010951,219.310944725017
HRV,2021-48,1479.92996834776,220.050195100495
HRV,2021-49,1239.67359631755,206.990105133724
HRV,2021-50,1083.3714252624,190.726596873217
HRV,2021-51,1090.07396200007,168.056252025238
HRV,2021-52,1141.50114645412,150.314243013776
CYP,2021-01,781.18929510532,54.0537496973553
CYP,2021-02,526.460999656533,55.1798694827169
CYP,2021-03,282.993902061362,46.1709111998243
CYP,2021-04,195.832230674377,39.4141924876549
CYP,2021-05,180.967449507604,42.7925518437396
CYP,2021-06,170.044087589597,37.1619529169318
CYP,2021-07,158.107217864764,24.7746352779545
CYP,2021-08,230.967167977658,12.3873176389773
CYP,2021-09,367.002438049335,5.63059892680785
CYP,2021-10,517.452041373641,12.3873176389773
CYP,2021-11,588.172363894347,13.5134374243388
CYP,2021-12,544.704140179391,16.8917967804235
CYP,2021-13,606.978564309886,29.2791144194008
CYP,2021-14,771.392052972675,34.9097133462086
CYP,2021-15,962.381968569997,41.6664320583781
CYP,2021-16,1200.3310792169,38.2880727022933
CYP,2021-17,1115.64687135771,36.0358331315702
CYP,2021-18,807.87833401839,45.0447914144628
CYP,2021-19,526.686223613606,38.2880727022933
CYP,2021-20,270.493972443849,28.1529946340392
CYP,2021-21,155.404530379897,20.2701561365082
CYP,2021-22,103.15257233912,16.8917967804235
CYP,2021-23,92.3418223996487,20.2701561365082
CYP,2021-24,102.927348382047,12.3873176389773
CYP,2021-25,198.985366073389,3.37835935608471
CYP,2021-26,551.123022955952,3.37835935608471
CYP,2021-27,1192.78607665497,3.37835935608471
CYP,2021-28,1712.49035759934,12.3873176389773
CYP,2021-29,1730.84611010073,30.4052342047624
CYP,2021-30,1360.91576060946,48.4231507705475
CYP,2021-31,953.147786330032,54.0537496973553
CYP,2021-32,703.036582001227,50.6753903412706
CYP,2021-33,566.550864015405,56.3059892680785
CYP,2021-34,459.682096384593,51.8015101266322
CYP,2021-35,367.115050027872,39.4141924876549
CYP,2021-36,282.76867810429,33.7835935608471
CYP,2021-37,212.7240274548,27.0268748486777
CYP,2021-38,174.773790688116,16.8917967804235
CYP,2021-39,149.43609551748,10.1350780682541
CYP,2021-40,154.616246530143,12.3873176389773
CYP,2021-41,184.00797292808,13.5134374243388
CYP,2021-42,204.841188957269,12.3873176389773
CYP,2021-43,221.395149802085,12.3873176389773
CYP,2021-44,276.237183349193,7.88283849753098
CYP,2021-45,349.772805333303,4.50447914144628
CYP,2021-46,460.132544298737,4.50447914144628
CYP,2021-47,610.919983558651,7.88283849753098
CYP,2021-48,739.748087004015,15.765676995062
CYP,2021-49,842.675435386062,20.2701561365082
CYP,2021-50,924.76956773892,22.5223957072314
CYP,2021-51,1129.61075669619,23.648515492593
CYP,2021-52,3080.61328483511,29.2791144194008
CZE,2021-01,1510.23865013631,207.126672407613
CZE,2021-02,1360.20974123754,223.678104017612
CZE,2021-03,979.246281468409,206.191563277105
CZE,2021-04,894.525394244347,188.611511623547
CZE,2021-05,912.161552445736,177.296691144395
CZE,2021-06,969.371529050241,174.49136375287
CZE,2021-07,1121.18649638828,190.481729884564
CZE,2021-08,1396.40781567952,214.794567277782
CZE,2021-09,1574.53675395007,245.092103106255
CZE,2021-10,1520.99240513715,276.79230263049
CZE,2021-11,1331.04368745698,277.353368108795
CZE,2021-12,1071.50414828437,245.279124932357
CZE,2021-13,809.514623189828,208.99689066863
CZE,2021-14,603.033176082265,170.563905404734
CZE,2021-15,458.053856488241,127.174841749144
CZE,2021-16,365.319084015721,92.482293007282
CZE,2021-17,298.739313923523,70.5072284403343
CZE,2021-18,236.582610018628,55.1714386999963
CZE,2021-19,173.163508787548,39.5551162205058
CZE,2021-20,118.543784474551,25.5284792628797
CZE,2021-21,76.9688325321474,15.2422788272871
CZE,2021-22,52.0949296606237,8.79002582677908
CZE,2021-23,35.4312849549637,5.98469843525384
CZE,2021-24,22.1807885756595,3.74043652203365
CZE,2021-25,15.345140831643,2.24426191322019
CZE,2021-26,16.0371215882193,1.68319643491514
CZE,2021-27,22.2462462147951,0.935109130508412
CZE,2021-28,27.8007944500151,0.561065478305047
CZE,2021-29,27.7166346282693,0.561065478305047
CZE,2021-30,23.789176280134,0.654576391355889
CZE,2021-31,22.3865125843714,0.74808730440673
CZE,2021-32,23.2468129844391,0.841598217457571
CZE,2021-33,24.1725710236425,1.30915278271178
CZE,2021-34,24.5185614019306,1.5896855218643
CZE,2021-35,28.7733079457438,0.935109130508412
CZE,2021-36,40.8175135466922,0.74808730440673
CZE,2021-37,53.0954964302677,1.96372917406767
CZE,2021-38,59.2952699655384,2.61830556542356
CZE,2021-39,72.7140859883341,2.61830556542356
CZE,2021-40,98.158405429468,3.83394743508449
CZE,2021-41,146.045344002804,7.38736213101646
CZE,2021-42,291.454813796862,13.0915278271178
CZE,2021-43,523.184207428152,23.4712391757612
CZE,2021-44,822.409778099539,43.8566182208445
CZE,2021-45,1220.915885157,71.6293593969444
CZE,2021-46,1725.09867505322,107.257017269315
CZE,2021-47,2207.56823093904,135.684334836771
CZE,2021-48,2272.50220896154,149.149906316092
CZE,2021-49,1922.37864831658,152.422788272871
CZE,2021-50,1492.28455483055,140.640413228465
CZE,2021-51,1019.70845354551,115.485977617789
CZE,2021-52,715.31172938241,87.5262146155874
DNK,2021-01,445.956670398572,67.4937310689101
DNK,2021-02,318.336844553007,74.0198424699752
DNK,2021-03,215.997113397884,70.9285265431549
DNK,2021-04,148.778165966913,58.3915230621614
DNK,2021-05,109.638671537894,35.3783933847213
DNK,2021-06,101.412336377077,26.7914046991093
DNK,2021-07,109.535627673666,21.8109512614544
DNK,2021-08,129.783746994339,10.9913455175833
DNK,2021-09,140.706396602438,6.5261114010651
DNK,2021-10,153.054486332348,4.8087136639427
DNK,2021-11,169.249546993412,3.60653524795703
DNK,2021-12,177.098054652061,3.77827502166927
DNK,2021-13,163.89126605359,4.8087136639427
DNK,2021-14,119.994579892742,4.8087136639427
DNK,2021-15,131.106143251924,4.98045343765494
DNK,2021-16,170.297159613057,5.83915230621614
DNK,2021-17,139.229434548512,5.32393298507942
DNK,2021-18,167.446279369433,3.43479547424479
DNK,2021-19,235.953275103246,2.23261705825911
DNK,2021-20,242.582430368538,2.06087728454687
DNK,2021-21,233.566092248646,2.23261705825911
DNK,2021-22,212.613839855752,1.88913751083463
DNK,2021-23,145.78989390432,1.71739773712239
DNK,2021-24,76.9737665778257,1.88913751083463
DNK,2021-25,51.229974498361,1.20217841598568
DNK,2021-26,68.7817793717519,1.03043864227344
DNK,2021-27,125.404382764677,1.03043864227344
DNK,2021-28,196.538997036287,0.858698868561197
DNK,2021-29,208.182953693977,0.686959094848958
DNK,2021-30,198.445308524493,1.37391818969791
DNK,2021-31,216.666898515361,1.54565796341015
DNK,2021-32,227.194546643922,1.71739773712239
DNK,2021-33,215.430372144633,2.57609660568359
DNK,2021-34,188.347009830213,3.43479547424479
DNK,2021-35,141.324659787802,4.29349434280598
DNK,2021-36,105.723004697255,5.83915230621614
DNK,2021-37,92.9283915556927,6.5261114010651
DNK,2021-38,81.1985650111468,5.49567275879166
DNK,2021-39,95.7277498672022,5.83915230621614
DNK,2021-40,122.295892860486,4.29349434280598
DNK,2021-41,156.59232567082,4.12175456909375
DNK,2021-42,235.386533849995,4.8087136639427
DNK,2021-43,353.096974752364,4.8087136639427
DNK,2021-44,478.913532973951,7.04133072220181
DNK,2021-45,664.787490062707,9.6174273278854
DNK,2021-46,872.833051937714,13.0522228021302
DNK,2021-47,910.341018516467,19.0631148820586
DNK,2021-48,1012.93835933216,24.0435683197135
DNK,2021-49,1297.32225062226,24.0435683197135
DNK,2021-50,1992.79963824734,21.9826910351666
DNK,2021-51,2578.36357069659,28.3370626625195
DNK,2021-52,3356.92866084366,35.7218729321458
EST,2021-01,600.838540349863,54.9295096374953
EST,2021-02,588.347720350104,61.701640962666
EST,2021-03,539.814112519714,71.483608432357
EST,2021-04,544.404112640108,66.9688542155765
EST,2021-05,554.261326013412,63.2065590349261
EST,2021-06,626.27165577106,58.6918048181457
EST,2021-07,762.466741310603,55.6819686736254
EST,2021-08,1035.00740419692,71.483608432357
EST,2021-09,1335.84052684172,92.552461443999
EST,2021-10,1465.41397286332,94.0573795162591
EST,2021-11,1521.02069563333,96.3147566246494
EST,2021-12,1364.28347840744,113.621314455641
EST,2021-13,620.402475289245,63.9590180710562
EST,2021-14,382.700665775755,66.9688542155765
EST,2021-15,602.268212518511,109.859019274991
EST,2021-16,447.336896979329,82.018034938178
EST,2021-17,376.680993486715,56.4344277097555
EST,2021-18,352.527058426939,42.8901650594142
EST,2021-19,312.496237704819,39.1278698787638
EST,2021-20,250.945088549379,26.3360662645526
EST,2021-21,176.15066035805,20.316393975512
EST,2021-22,111.965904576155,18.0590168671218
EST,2021-23,74.6439363841033,9.78196746969095
EST,2021-24,49.8127881918108,3.00983614452029
EST,2021-25,33.6349189150143,2.25737710839022
EST,2021-26,29.4963942162989,1.50491807226015
EST,2021-27,39.7298371076679,0.752459036130073
EST,2021-28,50.8662308423929,0.752459036130073
EST,2021-29,76.7508216852675,0.752459036130073
EST,2021-30,142.290003732197,0.752459036130073
EST,2021-31,204.518366020154,3.76229518065037
EST,2021-32,256.889514934807,4.51475421678044
EST,2021-33,294.361974934085,5.26721325291051
EST,2021-34,334.543287463431,9.02950843356088
EST,2021-35,367.275255535089,13.5442626503413
EST,2021-36,404.898207341592,16.5540987948616
EST,2021-37,469.082963123488,18.8114759032518
EST,2021-38,529.881653242798,27.0885253006826
EST,2021-39,658.702640228266,33.8606566258533
EST,2021-40,859.684448778609,37.6229518065037
EST,2021-41,1087.60429082241,43.6426240955442
EST,2021-42,1353.44806828716,51.167214456845
EST,2021-43,1659.6988959921,82.018034938178
EST,2021-44,921.160352030435,54.1770506013653
EST,2021-45,519.121489026137,54.1770506013653
EST,2021-46,895.952974320078,94.0573795162591
EST,2021-47,696.626575649222,81.2655759020479
EST,2021-48,565.397719748137,61.701640962666
EST,2021-49,507.307882158895,48.9098373484548
EST,2021-50,543.124932278687,45.9000012039345
EST,2021-51,640.192147939466,39.1278698787638
EST,2021-52,807.764775285634,39.1278698787638
FIN,2021-01,65.4445050143956,12.3070418721762
FIN,2021-02,65.5711951513151,10.1352109535568
FIN,2021-03,73.4983780042756,12.4880277820611
FIN,2021-04,90.8549267622417,13.3929573314858
FIN,2021-05,95.4519688733193,11.4021123227515
FIN,2021-06,92.2304196773673,9.41126731401707
FIN,2021-07,108.917320568759,8.32535185470741
FIN,2021-08,134.87070004626,9.77323913378696
FIN,2021-09,151.521403755675,11.9450700524063
FIN,2021-10,168.696966603756,12.1260559622912
FIN,2021-11,173.040628440995,11.4021123227515
FIN,2021-12,159.339995062704,9.9542250436719
FIN,2021-13,133.495207131134,10.8591545930966
FIN,2021-14,104.229785502739,11.4021123227515
FIN,2021-15,80.2310538519955,9.77323913378696
FIN,2021-16,63.3088712777533,10.1352109535568
FIN,2021-17,53.5175335529778,8.86830958436224
FIN,2021-18,51.5628857262204,7.42042230528269
FIN,2021-19,52.3230265477372,6.51549275585797
FIN,2021-20,49.0471815788197,6.51549275585797
FIN,2021-21,39.4911255368947,8.32535185470741
FIN,2021-22,28.7043653077521,7.0584504855128
FIN,2021-23,22.2612669158481,4.52464774712359
FIN,2021-24,18.8768304009996,4.1626759273537
FIN,2021-25,26.7497174809947,3.98169001746876
FIN,2021-26,40.3236607223654,3.80070410758382
FIN,2021-27,53.0288715962885,4.88661956689348
FIN,2021-28,70.3854203542546,4.70563365700853
FIN,2021-29,92.7371802250451,3.07676046804404
FIN,2021-30,135.884221141616,3.25774637792899
FIN,2021-31,174.959079085775,6.69647866574292
FIN,2021-32,184.207459080896,8.86830958436224
FIN,2021-33,170.832600340398,7.78239412505258
FIN,2021-34,152.987389625743,6.87746457562786
FIN,2021-35,144.155277223358,7.42042230528269
FIN,2021-36,125.224151049393,8.50633776459235
FIN,2021-37,105.967250237635,8.14436594482246
FIN,2021-38,103.885912273958,8.50633776459235
FIN,2021-39,123.649573633394,9.59225322390201
FIN,2021-40,146.019432095173,11.0401405029816
FIN,2021-41,142.906474445152,12.849999601831
FIN,2021-42,132.680770536652,13.9359150611407
FIN,2021-43,141.132812528279,13.9359150611407
FIN,2021-44,167.592952553458,13.0309855117159
FIN,2021-45,199.53696564815,15.3838023402202
FIN,2021-46,241.109429148722,19.7274641774589
FIN,2021-47,280.003301182996,25.5190132937771
FIN,2021-48,316.960623981502,27.8718301222813
FIN,2021-49,361.066890220463,25.1570414740072
FIN,2021-50,436.990479417196,23.8901401048126
FIN,2021-51,637.197092931921,23.1661964652728
FIN,2021-52,1174.18228756055,28.776759671706
FRA,2021-01,317.126136374845,94.5035589309458
FRA,2021-02,362.97566246668,102.495214810363
FRA,2021-03,376.209428680383,102.168418473286
FRA,2021-04,396.436636507524,97.8309398175431
FRA,2021-05,395.016557879137,92.7061790770249
FRA,2021-06,365.741547828664,89.0074387164771
FRA,2021-07,349.07196376197,80.9266565633123
FRA,2021-08,372.959290564368,69.9789792712489
FRA,2021-09,382.604238821812,63.1608193295161
FRA,2021-10,403.560796655792,58.8827581896053
FRA,2021-11,490.689156434079,55.2731441028056
FRA,2021-12,611.574092394475,54.9909109026032
FRA,2021-13,699.382782729039,57.397320293803
FRA,2021-14,669.256616764272,61.4971288862175
FRA,2021-15,610.406538208374,61.4080026124693
FRA,2021-16,576.07509756059,60.6207205276941
FRA,2021-17,488.578349184144,60.6652836645682
FRA,2021-18,380.095334215802,52.6736277851515
FRA,2021-19,287.592660130502,41.2654647453894
FRA,2021-20,251.362829851883,32.5013811601555
FRA,2021-21,220.514741069755,26.1288525871634
FRA,2021-22,166.351219075114,20.6772955095688
FRA,2021-23,115.780971350419,14.5721457578211
FRA,2021-24,68.7222988114001,10.5614634391547
FRA,2021-25,44.2927871770346,8.48185038503145
FRA,2021-26,42.0408633269982,6.6250530152785
FRA,2021-27,61.0381285764146,5.43670269863662
FRA,2021-28,113.086387007433,4.23349800303671
FRA,2021-29,256.639105257773,3.95126480283426
FRA,2021-30,407.947294762096,6.4319460888242
FRA,2021-31,461.215097705569,9.50680253313507
FRA,2021-32,481.070946058759,12.1211732297472
FRA,2021-33,468.312519971713,18.9987506873121
FRA,2021-34,407.529886713376,23.0391417638945
FRA,2021-35,327.143929544136,21.1674900151836
FRA,2021-36,246.322739071425,19.2809838875146
FRA,2021-37,180.596568495859,16.3101080959099
FRA,2021-38,134.721789959795,13.2798147884731
FRA,2021-39,108.578082993673,10.8882597762313
FRA,2021-40,93.0433734793721,8.51155914294749
FRA,2021-41,91.9634601291238,6.72903366798467
FRA,2021-42,102.034729062664,6.09029537278965
FRA,2021-43,112.438736084863,6.07544099383163
FRA,2021-44,132.230710608534,6.55078112048838
FRA,2021-45,173.882389206832,7.14495627880933
FRA,2021-46,281.717753252604,8.46699600607342
FRA,2021-47,474.505310559313,11.7349593768386
FRA,2021-48,726.205334813542,16.3843799907
FRA,2021-49,938.431332424721,23.0985592797266
FRA,2021-50,1047.10151256793,29.4116703368866
FRA,2021-51,1316.29850979682,33.3332263818048
FRA,2021-52,2469.42018130185,37.3439087004712
DEU,2021-01,322.933294789065,126.973880210316
DEU,2021-02,317.891614109881,144.997918698504
DEU,2021-03,257.80387058952,137.086099268733
DEU,2021-04,208.775840612478,126.096125167196
DEU,2021-05,171.55541957166,115.286511690958
DEU,2021-06,138.696118450566,95.6632756584543
DEU,2021-07,124.071276547175,74.8857316240389
DEU,2021-08,130.737405258217,60.4689056418259
DEU,2021-09,137.922972570119,48.468912038616
DEU,2021-10,155.937391824958,39.8356501076494
DEU,2021-11,197.071638434758,33.4268358887007
DEU,2021-12,251.102872157587,29.9999840080246
DEU,2021-13,272.17861242583,27.6432718374543
DEU,2021-14,274.595444804833,30.5290418422342
DEU,2021-15,313.003841164285,35.9879567679429
DEU,2021-16,344.83147950867,38.1402602298412
DEU,2021-17,324.064757111773,39.3186163151264
DEU,2021-18,271.437931457936,38.5370536054985
DEU,2021-19,206.527344817087,34.6773362241053
DEU,2021-20,148.472866745927,31.1903641349963
DEU,2021-21,99.2813098019471,27.4388631287824
DEU,2021-22,60.7959595757009,21.8957799112676
DEU,2021-23,41.7486751399848,16.8577064445894
DEU,2021-24,25.6340544716263,13.839671981257
DEU,2021-25,14.5623168866207,11.0380702682832
DEU,2021-26,11.0573087349817,7.64729051266678
DEU,2021-27,11.9482902239575,5.66332363438059
DEU,2021-28,17.6464835792292,3.99198183994555
DEU,2021-29,26.1234329682702,3.5350682558554
DEU,2021-30,33.823629264358,3.57114038091515
DEU,2021-31,43.1891553340374,3.09017871345183
DEU,2021-32,63.0985635586816,2.53707279586901
DEU,2021-33,98.2207893251905,2.35671217057027
DEU,2021-34,139.44521624764,3.23446721369082
DEU,2021-35,169.570250289205,4.49699159078204
DEU,2021-36,175.963433253961,5.74749192618667
DEU,2021-37,160.061638123455,7.4188337206217
DEU,2021-38,138.343814029149,9.43887272396765
DEU,2021-39,132.348626844219,9.88376226637122
DEU,2021-40,137.622371527954,9.69137759938589
DEU,2021-41,148.282886887279,10.0400748082968
DEU,2021-42,196.0303564247,10.9178298514174
DEU,2021-43,282.22469925497,13.5150228557193
DEU,2021-44,378.686371281413,17.3266440703661
DEU,2021-45,540.219752107307,23.6031938307624
DEU,2021-46,749.227656724335,30.853690967772
DEU,2021-47,907.975067091447,38.9699191062155
DEU,2021-48,951.88566492668,48.0600946212722
DEU,2021-49,873.468472259291,57.6913520122252
DEU,2021-50,735.598405472594,62.8977620625156
DEU,2021-51,562.206914735392,54.5049809652807
DEU,2021-52,483.924391334894,46.5450653687628
GRC,2021-01,85.1046758591285,55.9776425295737
GRC,2021-02,76.2788675536324,44.6888179527763
GRC,2021-03,64.5888698720398,35.0793226518662
GRC,2021-04,82.3431121610029,32.0938483836222
GRC,2021-05,120.249305760613,31.5340719583265
GRC,2021-06,148.527344845136,30.3212230368524
GRC,2021-07,155.030080985654,31.4407758874439
GRC,2021-08,186.321583159686,37.5050204948144
GRC,2021-09,246.152353416712,45.7150747324852
GRC,2021-10,292.324578896522,58.9631167978176
GRC,2021-11,311.114407572282,70.251941374615
GRC,2021-12,320.723902873193,77.1558506199291
GRC,2021-13,373.669423099081,88.6312673384917
GRC,2021-14,403.197629533431,96.2815451508668
GRC,2021-15,380.004226312011,100.479868340585
GRC,2021-16,353.358868467934,100.759756553233
GRC,2021-17,306.766810669152,95.8150647964536
GRC,2021-18,279.916201469133,95.0686962293926
GRC,2021-19,282.845698094848,80.2346209590556
GRC,2021-20,256.536206105948,64.3742889090097
GRC,2021-21,218.825934255192,57.0038993092825
GRC,2021-22,172.747004846264,45.5284825907199
GRC,2021-23,115.985675321277,33.2134012342137
GRC,2021-24,74.9354041329226,24.8167548547777
GRC,2021-25,52.8895425833589,21.7379845156511
GRC,2021-26,72.3137845411209,15.580443837398
GRC,2021-27,175.732479114508,11.1022324350321
GRC,2021-28,295.216757093883,11.38212064768
GRC,2021-29,336.677530994121,10.2625677970885
GRC,2021-30,341.659541179253,12.2217852856236
GRC,2021-31,355.616633383293,18.8458063182898
GRC,2021-32,393.476178947462,24.3502745003646
GRC,2021-33,419.552430759155,33.0268090924485
GRC,2021-34,411.678242376661,41.4234554718845
GRC,2021-35,366.420318391501,45.4351865198373
GRC,2021-36,300.562621955458,49.3536214969075
GRC,2021-37,279.440391507632,51.0329507727947
GRC,2021-38,274.02921939644,45.4351865198373
GRC,2021-39,270.978437878578,42.9161926060065
GRC,2021-40,282.7244132027,42.3564161807108
GRC,2021-41,306.253682279298,43.289376889537
GRC,2021-42,374.154562667671,47.2078118666071
GRC,2021-43,460.472087448273,54.1117211119212
GRC,2021-44,654.387970777805,62.8815517748878
GRC,2021-45,838.526425878837,76.3161859819855
GRC,2021-46,871.618542220904,98.0541704976366
GRC,2021-47,860.572287428401,113.074837909739
GRC,2021-48,808.335817341221,118.206121808283
GRC,2021-49,722.176895881118,121.378188218292
GRC,2021-50,626.352501477577,119.978747155053
GRC,2021-51,723.650973801064,107.103889373251
GRC,2021-52,2307.23982174853,95.1619923002753
HUN,2021-01,276.216062068927,174.215207575066
HUN,2021-02,244.146952472413,151.900921293418
HUN,2021-03,171.553870679089,132.964485687433
HUN,2021-04,163.805285947343,115.563436752203
HUN,2021-05,176.405692558677,106.351116727669
HUN,2021-06,205.915824370599,102.870906940623
HUN,2021-07,285.448853915738,106.760553173204
HUN,2021-08,451.280850268478,133.98807680127
HUN,2021-09,646.56156296631,175.341157800286
HUN,2021-10,934.262317332489,224.985326821383
HUN,2021-11,1145.6236464287,286.196075428839
HUN,2021-12,1196.762258476,349.044569818433
HUN,2021-13,1118.09928137762,382.720717463672
HUN,2021-14,861.536168694367,351.501188491642
HUN,2021-15,648.588273371707,286.50315276299
HUN,2021-16,473.257351482559,222.733426370942
HUN,2021-17,317.303009378347,166.231196887137
HUN,2021-18,214.862010705535,122.830933660446
HUN,2021-19,148.134105994498,86.9028855647654
HUN,2021-20,102.052034049554,57.5258205976421
HUN,2021-21,61.0572099403799,35.006816093227
HUN,2021-22,38.3130153909207,21.3930542791943
HUN,2021-23,25.6614292238948,14.3302755937187
HUN,2021-24,15.7735390642289,7.98401068792897
HUN,2021-25,10.2052034049554,5.32267379195265
HUN,2021-26,6.46909583945014,3.27549156427855
HUN,2021-27,5.08724783577013,1.84246400490669
HUN,2021-28,6.16201850529903,1.84246400490669
HUN,2021-29,7.40056375304186,0.921232002453343
HUN,2021-30,8.00448251020572,0.716513779685934
HUN,2021-31,7.66669744263949,1.22830933660446
HUN,2021-32,8.78241175672187,1.12595022522075
HUN,2021-33,11.3618613635912,1.74010489352298
HUN,2021-34,17.6364748914123,2.0471822276741
HUN,2021-35,26.275583892197,2.25190045044151
HUN,2021-36,34.5769078254155,4.81087823503413
HUN,2021-37,46.5017443016171,7.36985601962675
HUN,2021-38,57.8840774874851,8.70052446761491
HUN,2021-39,68.0176295144718,11.7712978091261
HUN,2021-40,83.9037636012228,13.7161209254164
HUN,2021-41,117.846044936059,18.731717383218
HUN,2021-42,215.51710901839,33.3690703110878
HUN,2021-43,391.421241931287,60.1871574936184
HUN,2021-44,608.883174065968,104.099216277228
HUN,2021-45,882.489078794611,153.743385298325
HUN,2021-46,1184.29491870947,189.466715171238
HUN,2021-47,1390.79419001495,225.190045044151
HUN,2021-48,1349.81983772805,259.173270023541
HUN,2021-49,1046.32507247537,259.582706469075
HUN,2021-50,725.030057753058,226.725431714906
HUN,2021-51,474.741558597623,187.214814720796
HUN,2021-52,346.792669367992,148.318352394988
IRL,2021-01,1238.48812756323,28.2005623997873
IRL,2021-02,1426.92831417038,70.2999734108983
IRL,2021-03,804.541902007074,126.096800444763
IRL,2021-04,479.832569232381,140.801379410367
IRL,2021-05,322.574147335853,144.225733416055
IRL,2021-06,262.567379200877,129.118289273312
IRL,2021-07,231.425901007969,90.6446648564592
IRL,2021-08,199.841271120207,74.7314903594363
IRL,2021-09,162.656815270202,57.609720330994
IRL,2021-10,144.245876674912,43.3080065425305
IRL,2021-11,148.415531258309,33.236377114035
IRL,2021-12,157.359138190813,26.589101691228
IRL,2021-13,152.847048206847,26.3876691026581
IRL,2021-14,129.078002755598,23.9704780398192
IRL,2021-15,108.431162427182,23.7690454512493
IRL,2021-16,114.836718743705,17.726067794152
IRL,2021-17,127.385969011611,14.1002811998936
IRL,2021-18,124.767345360202,9.66876425135564
IRL,2021-19,121.423564389941,7.05014059994682
IRL,2021-20,119.368951986528,4.02865177139818
IRL,2021-21,113.708696247714,0
IRL,2021-22,111.090072596305,0
IRL,2021-23,99.729274600962,0
IRL,2021-24,86.0117153193512,0
IRL,2021-25,86.515296790776,9.66876425135564
IRL,2021-26,104.644229762068,11.8845227256246
IRL,2021-27,130.286598287017,3.42435400568846
IRL,2021-28,197.504653092796,3.62578659425837
IRL,2021-29,296.105905197767,4.02865177139818
IRL,2021-30,354.662358695039,3.42435400568846
IRL,2021-31,387.516013890791,3.62578659425837
IRL,2021-32,432.939062613306,4.83438212567782
IRL,2021-33,486.842423314614,6.04297765709728
IRL,2021-34,482.229617036363,6.647275422807
IRL,2021-35,433.684363191015,7.65443836565655
IRL,2021-36,405.46365753237,12.6902530799043
IRL,2021-37,373.617165279468,13.4959834341839
IRL,2021-38,362.941238085262,10.8773597827751
IRL,2021-39,367.795763469797,14.1002811998936
IRL,2021-40,372.247423677192,14.3017137884636
IRL,2021-41,432.838346319021,11.4816575484848
IRL,2021-42,538.227876658797,17.9275003827219
IRL,2021-43,613.966529961083,26.1862365140882
IRL,2021-44,795.840014180854,24.7762083940988
IRL,2021-45,1064.6518036274,26.1862365140882
IRL,2021-46,1200.09507618181,23.5676128626794
IRL,2021-47,1240.94560514378,17.3232026170122
IRL,2021-48,1315.07279773751,19.7403936798511
IRL,2021-49,1280.48682228006,27.3948320455076
IRL,2021-50,1255.93218973338,25.7833713369484
IRL,2021-51,2227.78399980663,17.1217700284423
IRL,2021-52,3127.03950495927,15.510309319883
ITA,2021-01,401.188850284889,109.990548860887
ITA,2021-02,362.514429552797,110.376186455978
ITA,2021-03,300.269168334633,107.374919955049
ITA,2021-04,281.325978989659,100.014271944389
ITA,2021-05,278.53262145304,90.5074668827847
ITA,2021-06,279.557076107826,78.6533025467104
ITA,2021-07,290.457206567348,70.4375450860649
ITA,2021-08,354.588738631068,68.9620621135408
ITA,2021-09,443.171370908788,71.8962612066285
ITA,2021-10,500.961679561047,79.273676069249
ITA,2021-11,512.168643411445,89.1661187259446
ITA,2021-12,492.906883879222,97.7339800777606
ITA,2021-13,462.895895555121,101.640656584557
ITA,2021-14,389.45540728293,100.701712874769
ITA,2021-15,333.026567009864,90.0379950278907
ITA,2021-16,317.175185166406,77.4293223535939
ITA,2021-17,283.901367450792,66.1787646880977
ITA,2021-18,237.65000631775,53.7712942373269
ITA,2021-19,181.299970248898,43.0908095384877
ITA,2021-20,125.471383276018,32.527692803372
ITA,2021-21,88.644669629973,23.1047220015705
ITA,2021-22,64.8592134388062,16.4147480693305
ITA,2021-23,46.648735524506,11.6697289645087
ITA,2021-24,31.7983347430903,8.29959172044802
ITA,2021-25,21.2385713783667,5.83486448225437
ITA,2021-26,18.2725152665541,4.12464558228326
ITA,2021-27,24.2247477125319,3.1018676126927
ITA,2021-28,46.3938793747064,2.43119353427265
ITA,2021-29,84.0757024707365,2.31382557054914
ITA,2021-30,116.841484571948,2.74976372152217
ITA,2021-31,135.732696675844,3.95697706267825
ITA,2021-32,143.717071579435,6.3378700410694
ITA,2021-33,148.369872998474,9.13793431847307
ITA,2021-34,153.232260067019,11.3846924811802
ITA,2021-35,144.270377694131,12.9104760095858
ITA,2021-36,122.416462848814,13.3799478644798
ITA,2021-37,103.803580487462,12.8937091576253
ITA,2021-38,88.0863334596883,11.9882991517583
ITA,2021-39,74.7214757619729,10.5463498831552
ITA,2021-40,65.3135951269358,8.73552987142105
ITA,2021-41,60.2198255013356,7.56185023418597
ITA,2021-42,72.5870555074012,7.52831653026497
ITA,2021-43,96.5720372368979,8.41695968417153
ITA,2021-44,119.309565180533,9.5235719135646
ITA,2021-45,155.827768750505,11.2337908135357
ITA,2021-46,206.379827411415,13.4805489762429
ITA,2021-47,260.499872169521,15.760840842871
ITA,2021-48,319.867941591263,17.7896299300916
ITA,2021-49,381.685648084434,21.1262334702313
ITA,2021-50,495.889706842995,25.0832105329096
ITA,2021-51,780.579116335931,29.5767268583239
ITA,2021-52,1777.06833873763,33.7181392925676
LVA,2021-01,693.933715124432,149.396516702269
LVA,2021-02,690.21190716448,172.461242087882
LVA,2021-03,599.578020365104,152.541706527579
LVA,2021-04,554.339706711049,160.404681090857
LVA,2021-05,565.71480991259,139.436748922117
LVA,2021-06,548.573525364645,110.081643885882
LVA,2021-07,509.468331869946,107.984850669008
LVA,2021-08,496.939992399125,102.218669322605
LVA,2021-09,461.92354567733,87.0169185002687
LVA,2021-10,398.12861205394,73.9119608948065
LVA,2021-11,371.027559725844,65.5247880273107
LVA,2021-12,380.515549032199,56.6134168555965
LVA,2021-13,351.003184504698,61.3312015935629
LVA,2021-14,344.293446210702,66.5731846357477
LVA,2021-15,378.942954119543,65.0005897230923
LVA,2021-16,404.052052891609,62.9037965062183
LVA,2021-17,441.165292830278,62.3795982019998
LVA,2021-18,453.274273657725,61.3312015935629
LVA,2021-19,431.31036471097,60.8070032893444
LVA,2021-20,365.995256005347,68.6699778526216
LVA,2021-21,268.389531759865,58.7102100724704
LVA,2021-22,202.707484241289,44.0326575543528
LVA,2021-23,153.69494279686,39.8390711206049
LVA,2021-24,104.734821182854,33.0244931657646
LVA,2021-25,61.8553998977813,25.1615186024873
LVA,2021-26,43.0366807763377,20.9679321687394
LVA,2021-27,36.1172631606537,9.43556947593275
LVA,2021-28,27.6776704627361,5.76618134640335
LVA,2021-29,30.5083413055159,6.29037965062183
LVA,2021-30,38.790674512168,3.14518982531092
LVA,2021-31,49.2746405965377,3.6693881295294
LVA,2021-32,64.1094526059208,4.19358643374789
LVA,2021-33,85.1298046050821,6.29037965062183
LVA,2021-34,115.166367436801,8.91137117171426
LVA,2021-35,182.05407105508,13.1049576054622
LVA,2021-36,255.49425347609,25.1615186024873
LVA,2021-37,316.720615408809,35.645484686857
LVA,2021-38,398.023772393096,47.1778473796637
LVA,2021-39,580.864140904504,60.2828049851259
LVA,2021-40,864.403003656283,73.387762590588
LVA,2021-41,1256.76543436382,111.130040494319
LVA,2021-42,1640.5834327126,178.751621738504
LVA,2021-43,1757.26997523163,244.800608070033
LVA,2021-44,1533.33245966949,274.679911410487
LVA,2021-45,1111.35282477361,267.341135151428
LVA,2021-46,749.18421638906,236.413435202537
LVA,2021-47,632.864612682978,177.703225130067
LVA,2021-48,587.783558520188,129.476981141966
LVA,2021-49,499.613403750639,104.839660843697
LVA,2021-50,514.238536438335,86.4927201960502
LVA,2021-51,497.306931212078,77.0571507201174
LVA,2021-52,518.012764228708,73.387762590588
LTU,2021-01,1005.40784298287,221.181135897555
LTU,2021-02,716.29761389218,146.380395763916
LTU,2021-03,499.554416643702,119.180126624411
LTU,2021-04,423.823140986869,98.7799247697819
LTU,2021-05,336.20964249541,74.8007401336392
LTU,2021-06,257.472021302105,57.2637245042214
LTU,2021-07,232.275982520248,57.9795210605242
LTU,2021-08,240.901331023697,55.1163348353131
LTU,2021-09,228.696999738734,53.3268434445562
LTU,2021-10,214.381068612679,49.7478606630424
LTU,2021-11,234.351792533526,38.6530140403495
LTU,2021-12,290.649191686739,38.6530140403495
LTU,2021-13,366.917314760799,43.3056916563174
LTU,2021-14,425.111574788214,47.9583692722854
LTU,2021-15,475.718391318819,52.9689451664048
LTU,2021-16,510.935581888916,55.8321313916159
LTU,2021-17,482.375299292435,45.4530813252258
LTU,2021-18,556.388663214141,49.7478606630424
LTU,2021-19,587.418443929866,55.8321313916159
LTU,2021-20,426.68632721208,39.7267088748036
LTU,2021-21,283.920704057493,31.4950484773218
LTU,2021-22,183.816555658551,27.5581674176566
LTU,2021-23,115.672723498527,18.2528121857206
LTU,2021-24,62.4174597096013,9.30535523193598
LTU,2021-25,28.9897605302621,4.65267761596799
LTU,2021-26,16.3201614837031,3.57898278151384
LTU,2021-27,18.10965287446,2.1473896689083
LTU,2021-28,30.8508315766493,2.50528794705969
LTU,2021-29,63.2048359215344,3.93688105966522
LTU,2021-30,118.750648690629,6.44216900672491
LTU,2021-31,185.999735155274,16.4633207949637
LTU,2021-32,239.612897222351,31.1371501991704
LTU,2021-33,271.537423633455,38.2951157621981
LTU,2021-34,287.10599873304,42.5898951000147
LTU,2021-35,315.344172879184,43.6635899344688
LTU,2021-36,381.269035714669,60.4848090075839
LTU,2021-37,486.025861729579,85.1797902000294
LTU,2021-38,603.523866446679,96.6325351008736
LTU,2021-39,660.250743533673,101.285212716842
LTU,2021-40,805.414285151874,110.232669670626
LTU,2021-41,1052.25672759288,136.001345697526
LTU,2021-42,1316.88671445802,156.043649274003
LTU,2021-43,1490.28843022236,166.422699340394
LTU,2021-44,2047.6076289597,234.423372189156
LTU,2021-45,2427.48086138958,285.602825964804
LTU,2021-46,2017.5799634228,252.676184374877
LTU,2021-47,1753.7373527696,215.454763447133
LTU,2021-48,1418.67298476427,163.201614837031
LTU,2021-49,969.868543962435,117.390635233654
LTU,2021-50,821.770236463392,117.032736955503
LTU,2021-51,737.413612303111,96.6325351008736
LTU,2021-52,774.098185813628,57.2637245042214
LUX,2021-01,359.203204558958,91.0386067579395
LUX,2021-02,318.315689944866,92.6357752975525
LUX,2021-03,285.893168590722,68.6782472033579
LUX,2021-04,313.524184326027,60.692404505293
LUX,2021-05,355.370000063887,71.8725842825838
LUX,2021-06,359.203204558958,59.09523596568
LUX,2021-07,380.285829281849,57.4980674260671
LUX,2021-08,417.659573108793,68.6782472033579
LUX,2021-09,407.597411309231,86.2471011391006
LUX,2021-10,397.535249509669,97.4272809163914
LUX,2021-11,459.984539408537,95.8301123767785
LUX,2021-12,534.732027062424,95.8301123767785
LUX,2021-13,533.294575376772,84.6499325994876
LUX,2021-14,473.081321433363,63.886741584519
LUX,2021-15,432.513240527193,43.1235505695503
LUX,2021-16,421.492777603864,25.5546966338076
LUX,2021-17,391.146575351217,25.5546966338076
LUX,2021-18,342.27321803906,27.1518651734206
LUX,2021-19,286.85146971449,15.9716853961297
LUX,2021-20,215.45803599379,20.7631910149687
LUX,2021-21,147.7380899142,20.7631910149687
LUX,2021-22,117.232170807592,9.58301123767785
LUX,2021-23,94.0732269832042,4.79150561883892
LUX,2021-24,55.7411820324928,6.3886741584519
LUX,2021-25,42.4846831537051,4.79150561883892
LUX,2021-26,175.049671941582,1.59716853961297
LUX,2021-27,293.399860726903,3.19433707922595
LUX,2021-28,272.476952857973,11.1801797772908
LUX,2021-29,237.978112402333,14.3745168565168
LUX,2021-30,195.493429248628,4.79150561883892
LUX,2021-31,174.730238233659,4.79150561883892
LUX,2021-32,153.487896656807,9.58301123767785
LUX,2021-33,152.689312387,6.3886741584519
LUX,2021-34,195.493429248628,1.59716853961297
LUX,2021-35,212.742849476448,3.19433707922595
LUX,2021-36,206.673609025919,7.98584269806487
LUX,2021-37,197.410031496164,6.3886741584519
LUX,2021-38,198.048898912009,3.19433707922595
LUX,2021-39,205.715307902151,3.19433707922595
LUX,2021-40,238.137829256295,4.79150561883892
LUX,2021-41,290.205523647677,7.98584269806487
LUX,2021-42,343.550952870751,6.3886741584519
LUX,2021-43,397.854683217592,6.3886741584519
LUX,2021-44,436.98531243811,12.7773483169038
LUX,2021-45,499.274885483016,20.7631910149687
LUX,2021-46,618.104224830221,17.5688539357427
LUX,2021-47,744.280539459646,19.1660224753557
LUX,2021-48,842.186970937921,23.9575280941946
LUX,2021-49,868.220818133613,20.7631910149687
LUX,2021-50,866.783366447961,27.1518651734206
LUX,2021-51,872.85260689849,28.7490337130335
LUX,2021-52,1357.11410810914,22.3603595545816
MLT,2021-01,408.112499125473,33.0376785006335
MLT,2021-02,486.431231100505,34.981071353612
MLT,2021-03,413.553999113813,36.9244642065904
MLT,2021-04,385.180463460328,66.0753570012671
MLT,2021-05,339.122052844738,68.0187498542455
MLT,2021-06,353.114481386183,50.5282141774395
MLT,2021-07,439.789802629022,42.7546427655258
MLT,2021-08,522.189659595308,40.8112499125473
MLT,2021-09,672.025248559946,58.3017855893533
MLT,2021-10,764.336409076422,73.8489284131809
MLT,2021-11,733.436462714065,75.7923212661593
MLT,2021-12,458.252034732317,66.0753570012671
MLT,2021-13,184.622321032952,50.5282141774395
MLT,2021-14,150.224267535234,27.2074999416982
MLT,2021-15,154.694071097084,19.4339285297844
MLT,2021-16,100.473410498986,21.3773213827629
MLT,2021-17,62.3829105806081,13.6037499708491
MLT,2021-18,52.2772677451201,7.77357141191378
MLT,2021-19,26.0414642299112,1.94339285297844
MLT,2021-20,9.91130355019006,0
MLT,2021-21,9.91130355019006,3.88678570595689
MLT,2021-22,12.437714259062,3.88678570595689
MLT,2021-23,8.55092855310515,0
MLT,2021-24,4.46980356185042,1.94339285297844
MLT,2021-25,8.16224998250947,1.94339285297844
MLT,2021-26,15.3528035385297,0
MLT,2021-27,120.684696169961,0
MLT,2021-28,369.050302780607,0
MLT,2021-29,485.07085610342,1.94339285297844
MLT,2021-30,369.244642065904,5.83017855893533
MLT,2021-31,232.818463786818,13.6037499708491
MLT,2021-32,182.484588894676,15.5471428238276
MLT,2021-33,145.17144611749,15.5471428238276
MLT,2021-34,109.218678337389,17.490535676806
MLT,2021-35,131.567696146641,17.490535676806
MLT,2021-36,130.984678290747,17.490535676806
MLT,2021-37,90.1734283781998,19.4339285297844
MLT,2021-38,55.1923570245878,15.5471428238276
MLT,2021-39,38.8678570595689,7.77357141191378
MLT,2021-40,44.5036963332064,3.88678570595689
MLT,2021-41,44.8923749038021,0
MLT,2021-42,35.3697499242077,1.94339285297844
MLT,2021-43,34.2037142124206,3.88678570595689
MLT,2021-44,67.8244105689477,3.88678570595689
MLT,2021-45,113.299803328643,1.94339285297844
MLT,2021-46,163.828017506083,3.88678570595689
MLT,2021-47,208.914731695183,11.6603571178707
MLT,2021-48,255.944838737261,7.77357141191378
MLT,2021-49,269.54858870811,5.83017855893533
MLT,2021-50,406.557784843091,5.83017855893533
MLT,2021-51,1252.12801517401,7.77357141191378
MLT,2021-52,2443.4278340498,15.5471428238276
NLD,2021-01,631.873979072916,75.0822127250851
NLD,2021-02,526.741647391066,69.2801442589538
NLD,2021-03,438.92360715171,62.5589362338314
NLD,2021-04,380.489309688851,55.4356046516504
NLD,2021-05,327.650274291351,48.1399344021586
NLD,2021-06,292.205955047757,45.9569779495548
NLD,2021-07,292.297869003656,46.1293166168656
NLD,2021-08,340.822693096142,39.0059850346846
NLD,2021-09,363.623098781365,29.6996969998998
NLD,2021-10,392.581739511828,24.8742143151965
NLD,2021-11,467.790333926274,20.7380862997366
NLD,2021-12,547.830155647667,18.4976836246958
NLD,2021-13,578.586863140407,17.4062053983939
NLD,2021-14,564.351689220532,16.7168507291505
NLD,2021-15,584.009786538454,16.4870658394028
NLD,2021-16,634.930118106561,16.6594045067136
NLD,2021-17,596.406681340347,15.9700498374703
NLD,2021-18,568.3442016799,15.7977111701595
NLD,2021-19,520.692560168455,13.0977387156231
NLD,2021-20,380.632925244944,10.2828738162129
NLD,2021-21,282.698605234442,7.87013247386125
NLD,2021-22,212.729106306245,6.31908446806378
NLD,2021-23,148.211253887314,4.65314401739242
NLD,2021-24,93.0226679921425,1.95317156285608
NLD,2021-25,61.0308667170087,1.20637067117581
NLD,2021-26,58.2677034177917,0.919139558991095
NLD,2021-27,258.04843118675,1.03403200386498
NLD,2021-28,627.393173722834,1.49360178336053
NLD,2021-29,661.102617048833,2.47018756478857
NLD,2021-30,398.51018966732,3.50421956865355
NLD,2021-31,243.750066422195,4.76803646226631
NLD,2021-32,196.161615755431,5.34249868663574
NLD,2021-33,189.744872709224,4.65314401739242
NLD,2021-34,199.614133723891,4.99782135201408
NLD,2021-35,203.865154184225,5.11271379688797
NLD,2021-36,197.465645004749,4.53825157251853
NLD,2021-37,176.578198526677,4.71059023982936
NLD,2021-38,147.257646594861,3.67655823596438
NLD,2021-39,133.016728052743,2.92975734428412
NLD,2021-40,158.988165216485,2.98720356672106
NLD,2021-41,227.848952051649,4.02123557058604
NLD,2021-42,335.267643386489,7.4105626943657
NLD,2021-43,484.21995354324,12.5232764912537
NLD,2021-44,680.019658097318,17.3487591759569
NLD,2021-45,935.695560297422,20.7955325221735
NLD,2021-46,1384.54013006399,29.7571432223367
NLD,2021-47,1747.43366182041,41.9357423789687
NLD,2021-48,1776.90357393056,47.6229184002261
NLD,2021-49,1612.55567616071,47.9675957348478
NLD,2021-50,1311.18704863426,40.8442641526668
NLD,2021-51,1062.15192974787,27.5741867697329
NLD,2021-52,1068.29867554862,18.1530062900741
POL,2021-01,341.441932689111,107.802969682022
POL,2021-02,305.065016624367,112.307932491315
POL,2021-03,230.585599325236,110.648209351049
POL,2021-04,202.093685417341,101.480214861962
POL,2021-05,196.419012966337,98.8193888751867
POL,2021-06,199.187852681288,96.0795284531607
POL,2021-07,237.019002354647,81.5898819905234
POL,2021-08,316.867492288478,78.5338838274944
POL,2021-09,417.675914450809,82.4592607782816
POL,2021-10,544.041438492057,90.0729113741038
POL,2021-11,718.267582039983,106.51207390626
POL,2021-12,920.903970579379,124.742683637432
POL,2021-13,986.665889670352,149.322393000415
POL,2021-14,839.498502271107,173.243482069642
POL,2021-15,650.345388385489,187.627749285278
POL,2021-16,462.925763113038,184.729819992751
POL,2021-17,290.952100969758,159.491490336012
POL,2021-18,191.708560625392,121.818409533155
POL,2021-19,131.38421067967,95.7370459004074
POL,2021-20,83.0836328167625,77.5591257927352
POL,2021-21,45.1023177164275,54.9289324992706
POL,2021-22,24.1792682243792,32.5094976998081
POL,2021-23,13.6887641854298,22.2086763054605
POL,2021-24,8.862394672784,17.9671616136703
POL,2021-25,5.45337603230169,10.8013728176024
POL,2021-26,3.85951492141158,6.82330624331468
POL,2021-27,3.10605330535444,4.8737901737962
POL,2021-28,3.13239811710469,3.53020477453346
POL,2021-29,3.60133576625914,2.16027456352048
POL,2021-30,4.3047422399908,1.29089577576224
POL,2021-31,5.10562451719839,1.26455096401199
POL,2021-32,6.17258939308351,1.13282690526074
POL,2021-33,6.9840095949912,0.89572359950849
POL,2021-34,7.80333324042396,1.08013728176024
POL,2021-35,10.2613041767223,1.60703351676523
POL,2021-36,14.5792188225882,2.18661937527073
POL,2021-37,20.1037258466156,2.84523966902697
POL,2021-38,25.6545776823932,3.84634251553646
POL,2021-39,34.917413493781,5.45337603230169
POL,2021-40,51.7728240515907,7.82440908982416
POL,2021-41,77.9174152325386,11.0648209351049
POL,2021-42,138.510482258113,15.2273011916443
POL,2021-43,234.550493493648,23.6576409517242
POL,2021-44,357.385812760363,34.6434274515784
POL,2021-45,484.396784689491,49.1857635377162
POL,2021-46,648.625072178198,81.4318131200219
POL,2021-47,808.64609323039,110.621864539299
POL,2021-48,861.254047814463,128.299233223716
POL,2021-49,839.440543685257,143.658258474112
POL,2021-50,747.586723036836,153.195080327702
POL,2021-51,567.087879811175,153.98542468021
POL,2021-52,435.782703566756,160.835075735275
PRT,2021-01,898.949281700139,121.213192540843
PRT,2021-02,1211.81140975508,177.934750588802
PRT,2021-03,1495.27351106153,271.564171750158
PRT,2021-04,1643.72082154184,362.182688289106
PRT,2021-05,1205.02230546133,352.858596555195
PRT,2021-06,589.214609414283,257.772286060415
PRT,2021-07,292.485102578121,156.17853654301
PRT,2021-08,173.088165406279,91.2983982278787
PRT,2021-09,120.26135817634,58.5669512036286
PRT,2021-10,92.8232757301954,33.3142027576196
PRT,2021-11,70.940797942173,21.2705842679845
PRT,2021-12,61.7138321638235,14.4717673786744
PRT,2021-13,61.4515920838073,9.80972151171888
PRT,2021-14,68.5903498175829,7.28444666711798
PRT,2021-15,71.2710261910823,5.92468328925596
PRT,2021-16,66.8226574263623,4.56491991139393
PRT,2021-17,60.5386081015285,3.01090462240877
PRT,2021-18,50.9911266698259,2.71952675572404
PRT,2021-19,48.776654883022,3.10803057797034
PRT,2021-20,55.8862748301291,2.42814888903933
PRT,2021-21,65.2686421373771,1.55401528898517
PRT,2021-22,73.2232578978699,1.74826720010832
PRT,2021-23,87.5007733654212,2.13677102235461
PRT,2021-24,124.33093571437,3.10803057797034
PRT,2021-25,168.9408871038,3.78791226690135
PRT,2021-26,240.639267499353,4.75917182251708
PRT,2021-27,332.986626047297,7.5758245338027
PRT,2021-28,407.589072514141,9.51834364503416
PRT,2021-29,435.911001155896,13.3062559119355
PRT,2021-30,383.997177908235,15.8315307565364
PRT,2021-31,324.28414042898,17.8711758233294
PRT,2021-32,314.396718152812,18.9395613345068
PRT,2021-33,315.649642979556,15.5401528898517
PRT,2021-34,306.005035592292,15.248775023167
PRT,2021-35,264.551677758613,16.0257826676596
PRT,2021-36,195.417422589885,13.2091299563739
PRT,2021-37,142.172973751031,10.1010993784036
PRT,2021-38,109.509514895674,8.64421004498
PRT,2021-39,88.4914581121492,8.35283217829528
PRT,2021-40,81.7217790095076,9.03271386722629
PRT,2021-41,84.2470538541085,9.71259555615731
PRT,2021-42,93.7071219258057,8.74133600054157
PRT,2021-43,106.08096866435,6.02180924481753
PRT,2021-44,122.73807004316,6.89594284487169
PRT,2021-45,167.454859983708,10.003973422842
PRT,2021-46,248.001414930921,12.6263742230045
PRT,2021-47,347.924598012667,16.0257826676596
PRT,2021-48,439.378397769444,20.5907025790535
PRT,2021-49,507.434554831438,23.6016072014623
PRT,2021-50,571.60567367097,23.7958591125854
PRT,2021-51,869.617243120544,21.8533400013539
PRT,2021-52,2007.71976519995,19.8136949345609
ROU,2021-01,282.163883829954,76.7764725432538
ROU,2021-02,259.539657790086,67.7743794013898
ROU,2021-03,197.32174277626,65.6014603671467
ROU,2021-04,179.126132672849,65.9118773720386
ROU,2021-05,175.380434147154,62.6007626531921
ROU,2021-06,171.541610519991,58.5136054221159
ROU,2021-07,180.569571745596,55.3576992057153
ROU,2021-08,214.560233781255,55.9267970480171
ROU,2021-09,260.12945009938,63.2733328304578
ROU,2021-10,309.258114740265,73.5688301593712
ROU,2021-11,365.70744707985,84.7955785029602
ROU,2021-12,401.576131995105,104.40358597863
ROU,2021-13,397.152689675396,120.700478735452
ROU,2021-14,348.453435224611,125.460206143794
ROU,2021-15,270.109356806653,124.994580636456
ROU,2021-16,197.802889133842,113.509151455457
ROU,2021-17,137.157753611469,97.2639948661166
ROU,2021-18,96.829411059268,78.1216128977852
ROU,2021-19,70.9406328512868,58.4618692546339
ROU,2021-20,45.4657439831613,43.4066445173786
ROU,2021-21,27.477078549678,30.9382281542222
ROU,2021-22,16.2761982898299,20.5909946578268
ROU,2021-23,10.6835185850282,13.0892503729402
ROU,2021-24,6.81365325737636,8.22605062963433
ROU,2021-25,4.4958729541838,4.96667207826979
ROU,2021-26,3.57496917300461,3.56979555625641
ROU,2021-27,3.11969089916321,1.96597436431512
ROU,2021-28,3.8077819266735,1.44861268949535
ROU,2021-29,5.86688139245618,1.50034885697733
ROU,2021-30,9.52462843343195,1.44861268949535
ROU,2021-31,14.3981754102342,2.17291903424303
ROU,2021-32,21.6308916242146,3.20764238388257
ROU,2021-33,33.2508348406666,5.74271459049944
ROU,2021-34,52.8019325321057,11.0198036736611
ROU,2021-35,83.7142926025869,16.6073097617146
ROU,2021-36,136.619697469657,27.5753772678937
ROU,2021-37,245.270822798556,49.8219292851438
ROU,2021-38,408.969230328279,83.1400211435369
ROU,2021-39,646.127822065662,124.373746626673
ROU,2021-40,872.339040763858,187.077981614829
ROU,2021-41,1002.22268922736,252.886386651903
ROU,2021-42,1062.97647070145,305.502068981074
ROU,2021-43,958.39180813663,328.679872013
ROU,2021-44,703.922294759778,303.587830784241
ROU,2021-45,446.322743250267,248.540548583417
ROU,2021-46,262.59726528827,178.386305477857
ROU,2021-47,164.691741945377,112.370955770854
ROU,2021-48,109.075361902252,67.1535453916061
ROU,2021-49,75.2036930518017,44.1309508621263
ROU,2021-50,57.0184301818868,42.2684488327752
ROU,2021-51,47.131648576081,34.0423982031408
ROU,2021-52,71.2665707064232,18.2628671211379
SVK,2021-01,1664.16477627823,205.024924544782
SVK,2021-02,1355.43644932742,189.451092027975
SVK,2021-03,1235.05988505046,212.17056534661
SVK,2021-04,1285.83057905525,210.155128197377
SVK,2021-05,1324.71019387956,205.574589221845
SVK,2021-06,1377.84444599572,234.340373988182
SVK,2021-07,1381.60048795566,236.172589578394
SVK,2021-08,1374.1983369712,242.76856570316
SVK,2021-09,1294.82675760319,250.280649623031
SVK,2021-10,1165.98535729945,234.706817106224
SVK,2021-11,978.293192238075,211.254457551504
SVK,2021-12,802.253918330456,174.976588865296
SVK,2021-13,615.29463950517,176.99202601453
SVK,2021-14,502.045393874134,200.077942451208
SVK,2021-15,431.669993054071,199.345056215123
SVK,2021-16,340.88371055904,156.837654522192
SVK,2021-17,285.27596739609,111.948372561985
SVK,2021-18,223.970033747579,92.5268873057325
SVK,2021-19,164.862758807323,72.0060726953522
SVK,2021-20,115.61280374241,41.0416292207605
SVK,2021-21,83.530708757789,19.2382636972315
SVK,2021-22,64.5306330872851,22.3530302005928
SVK,2021-23,46.5932424591045,17.0396049889765
SVK,2021-24,29.993369211779,14.4745031626789
SVK,2021-25,19.2199415413294,11.7261797773602
SVK,2021-26,12.5506767929558,2.19865870825503
SVK,2021-27,9.93060849895188,2.19865870825503
SVK,2021-28,10.3520180847008,3.11476650336129
SVK,2021-29,11.6528911537517,2.19865870825503
SVK,2021-30,15.6287989845128,1.83221559021252
SVK,2021-31,18.578666084755,1.64899403119127
SVK,2021-32,21.6384661204099,0.916107795106262
SVK,2021-33,27.9596099066431,0.73288623608501
SVK,2021-34,36.3145129980122,0.366443118042505
SVK,2021-35,64.0176127220256,0.916107795106262
SVK,2021-36,117.261797773602,2.56510182629753
SVK,2021-37,190.165656108158,5.13020365259507
SVK,2021-38,267.356898923812,8.06174859693511
SVK,2021-39,347.186532189371,20.1543714923378
SVK,2021-40,439.896641054125,26.7503476171029
SVK,2021-41,548.821857892259,31.8805512696979
SVK,2021-42,808.776605831612,33.5295453008892
SVK,2021-43,1175.54952268036,38.8429705125055
SVK,2021-44,1671.97001469254,69.4409708690547
SVK,2021-45,2135.31901530138,104.069845524071
SVK,2021-46,2469.66171620336,122.94166610326
SVK,2021-47,2761.02063935896,141.813486682449
SVK,2021-48,2762.37647889572,186.702768642656
SVK,2021-49,2289.00525900841,201.177271805335
SVK,2021-50,1615.28126433136,206.124253898909
SVK,2021-51,1098.65143435914,172.59470859802
SVK,2021-52,873.893547907766,120.743007395005
SVN,2021-01,1164.81961351445,214.708895294106
SVN,2021-02,1126.55371706425,187.035304345088
SVN,2021-03,880.115618354462,180.355472047049
SVN,2021-04,827.440369375641,160.315975152932
SVN,2021-05,751.051715738782,127.39394454117
SVN,2021-06,611.347794534084,99.2432227137201
SVN,2021-07,523.412573639187,62.5041450745064
SVN,2021-08,509.623491252521,51.0530039921541
SVN,2021-09,514.967357090952,49.62161135686
SVN,2021-10,488.772871865071,40.0789937882331
SVN,2021-11,509.194073461933,45.3274334509779
SVN,2021-12,594.123369822713,48.190218721566
SVN,2021-13,673.899652696434,53.9157892627421
SVN,2021-14,660.492275012513,49.62161135686
SVN,2021-15,567.642606069773,42.4646481803898
SVN,2021-16,494.737007845463,47.7130878431346
SVN,2021-17,454.467161705857,50.5758731137227
SVN,2021-18,427.4138408988,39.1247320313704
SVN,2021-19,356.559905451745,28.1507218274494
SVN,2021-20,264.425932826652,23.379413043136
SVN,2021-21,205.357130076852,17.1767116235285
SVN,2021-22,174.868466945088,14.3139263529404
SVN,2021-23,130.876999953718,16.2224498666658
SVN,2021-24,74.6709824745057,13.836795474509
SVN,2021-25,37.3593477811744,7.1569631764702
SVN,2021-26,20.4212015968616,3.33991614901942
SVN,2021-27,26.8624684556848,3.81704702745077
SVN,2021-28,36.4050860243117,3.33991614901942
SVN,2021-29,40.5561246666644,0.477130878431346
SVN,2021-30,52.6752489788206,0.954261756862693
SVN,2021-31,70.5676569199961,0.954261756862693
SVN,2021-32,104.014531498034,0.477130878431346
SVN,2021-33,166.948094363128,4.29417790588212
SVN,2021-34,246.390385621947,8.58835581176424
SVN,2021-35,328.313757448609,8.11122493333289
SVN,2021-36,467.779113214092,13.836795474509
SVN,2021-37,631.625856867416,27.1964600705867
SVN,2021-38,644.365251321533,38.1704702745077
SVN,2021-39,587.872955315262,45.3274334509779
SVN,2021-40,557.956849237616,48.190218721566
SVN,2021-41,592.357985572517,40.5561246666644
SVN,2021-42,905.642120350539,41.5103864235271
SVN,2021-43,1365.6440002462,60.1184906823496
SVN,2021-44,1749.54350503206,85.406427239211
SVN,2021-45,2045.31693657165,111.171494674504
SVN,2021-46,2138.02346625086,127.871075419601
SVN,2021-47,1834.18652286578,136.936562109796
SVN,2021-48,1371.08329226032,134.55090771764
SVN,2021-49,1057.84687057014,118.805588729405
SVN,2021-50,872.099819596815,94.4719139294066
SVN,2021-51,769.039549855644,68.2297156156825
SVN,2021-52,877.634537786619,58.2099671686243
ESP,2021-01,546.931551255547,60.4234534775536
ESP,2021-02,831.576722130749,81.8040600926879
ESP,2021-03,1008.84138788532,120.36098407749
ESP,2021-04,941.422757678247,151.565683653136
ESP,2021-05,700.41768662935,148.502256815987
ESP,2021-06,433.732647852493,119.980696608051
ESP,2021-07,265.123747443993,86.8534326035744
ESP,2021-08,187.893700525393,63.0643386819921
ESP,2021-09,152.634713983893,47.0711378839124
ESP,2021-10,138.950703208574,34.3526347393364
ESP,2021-11,139.707052731125,27.1271728199926
ESP,2021-12,161.368649532012,22.9440106561619
ESP,2021-13,180.887960255058,21.8876565743865
ESP,2021-14,217.254005874258,22.8172481663489
ESP,2021-15,250.309437801175,23.3665522888721
ESP,2021-16,246.396702282278,22.6482315132648
ESP,2021-17,234.504268029651,20.0073463088263
ESP,2021-18,200.747416992436,18.3805610228922
ESP,2021-19,161.782740332068,16.4368695124254
ESP,2021-20,141.557785082396,12.6339948180339
ESP,2021-21,133.525268644576,9.35929716453015
ESP,2021-22,124.998378496485,8.1973076745772
ESP,2021-23,111.128449402773,7.28884316425034
ESP,2021-24,101.215622699393,5.49304122523214
ESP,2021-25,112.786925311161,4.90148293943791
ESP,2021-26,229.097847839124,4.18316216383063
ESP,2021-27,450.856147518073,3.63385804130742
ESP,2021-28,656.435328080549,5.02824542925096
ESP,2021-29,763.298219701114,10.5212866544831
ESP,2021-30,723.294090624279,18.1481631249016
ESP,2021-31,582.712376713443,24.1693813910214
ESP,2021-32,441.560231598449,29.0286101671883
ESP,2021-33,334.669874771759,29.8948205142442
ESP,2021-34,252.965111962758,26.5778686974694
ESP,2021-35,180.839367967296,23.070773145975
ESP,2021-36,120.785638418364,18.9932463903219
ESP,2021-37,86.4815959667894,15.3171341857435
ESP,2021-38,68.0608934887898,11.8100386342491
ESP,2021-39,56.1515575708538,8.4719597358388
ESP,2021-40,47.5972022166365,6.52826822537204
ESP,2021-41,44.3394062284411,5.30289749051257
ESP,2021-42,48.3767915289868,4.94373710270893
ESP,2021-43,54.0494129481207,4.66908504144732
ESP,2021-44,61.8051646165158,4.03527259238207
ESP,2021-45,87.2062548668874,4.94373710270893
ESP,2021-46,139.153523192275,6.00009118448434
ESP,2021-47,209.992627916134,6.12685367429739
ESP,2021-48,311.463888303317,8.09167226639965
ESP,2021-49,426.359296361701,10.6269220626606
ESP,2021-50,712.546744196296,13.3523155936412
ESP,2021-51,1478.8597984468,16.1199632878928
ESP,2021-52,2603.0719537273,19.0566276352284
SWE,2021-01,782.079922041824,127.135190991818
SWE,2021-02,662.148735779474,120.84136965559
SWE,2021-03,505.054955227207,108.35055500369
SWE,2021-04,424.832940195432,88.1134987072007
SWE,2021-05,389.761831149555,63.5191814856304
SWE,2021-06,395.871679246725,45.7028257030755
SWE,2021-07,434.660984282004,36.6009917706834
SWE,2021-08,487.015894997371,30.8881385577989
SWE,2021-09,527.044598695785,26.918189714947
SWE,2021-10,545.093341727677,25.5625974271439
SWE,2021-11,596.295998998411,26.2403935710455
SWE,2021-12,686.61717657432,25.2721133654719
SWE,2021-13,738.429850374565,25.6594254477013
SWE,2021-14,770.024833482432,26.4340496121602
SWE,2021-15,795.684258930134,26.5308776327176
SWE,2021-16,746.176092019154,26.3372215916028
SWE,2021-17,690.732367448008,24.2070051393409
SWE,2021-18,667.977782617027,21.7863046254068
SWE,2021-19,577.01754010544,21.2053365020626
SWE,2021-20,426.817914616858,17.7195277619975
SWE,2021-21,253.127811341059,11.2320503846542
SWE,2021-22,165.266065487308,8.42403778849062
SWE,2021-23,130.601634127772,6.10016529511389
SWE,2021-24,70.1228524876426,3.67946478117981
SWE,2021-25,46.7776167312623,2.61435655504881
SWE,2021-26,37.3078363207521,1.8397323905899
SWE,2021-27,32.7666021566118,1.065108226131
SWE,2021-28,32.8924785833363,0.484140102786817
SWE,2021-29,44.0083353433217,0.484140102786817
SWE,2021-30,59.2781141852179,0.677796143901544
SWE,2021-31,78.1208469856808,1.065108226131
SWE,2021-32,100.962577035163,1.16193624668836
SWE,2021-33,118.93385765061,1.64607634947518
SWE,2021-34,127.348212637044,3.19532467839299
SWE,2021-35,134.85238423024,4.16360488396663
SWE,2021-36,147.256053663638,6.77796143901544
SWE,2021-37,137.786273253128,10.1669421585232
SWE,2021-38,102.289120916799,9.68280205573634
SWE,2021-39,82.6427155457097,8.03672570626116
SWE,2021-40,81.0450532065132,8.52086580904798
SWE,2021-41,79.4570736693724,7.84306966514644
SWE,2021-42,89.6627470361185,5.32554113065499
SWE,2021-43,107.498468422785,5.0350570689829
SWE,2021-44,106.210655749372,6.10016529511389
SWE,2021-45,105.3295207623,6.10016529511389
SWE,2021-46,125.034022945723,5.8096812334418
SWE,2021-47,184.050701475436,4.35726092508135
SWE,2021-48,248.983572061204,4.16360488396663
SWE,2021-49,314.206926708644,6.39064935678598
SWE,2021-50,418.151806776974,8.23038174737589
SWE,2021-51,509.131414892672,9.0050059118348
SWE,2021-52,847.167717460484,10.65108226131