ccode,date,dayNum,caseRate,caseWeek,deathRate,deathWeek,fullVacPct,dosesPerPerson
AUT,2021-04-30,0,68435.815,,1128.488,,9.68,0.36
AUT,2021-05-07,7,69535.773,1099.96,1144.633,16.14,10.87,0.41
AUT,2021-05-14,14,70305.755,769.98,1156.134,11.50,12.13,0.45
AUT,2021-05-21,21,70804.811,499.06,1164.87,8.74,14.17,0.51
AUT,2021-05-28,28,71182.558,377.75,1170.841,5.97,16.57,0.56
AUT,2021-06-04,35,71454.369,271.81,1175.596,4.76,19.81,0.63
AUT,2021-06-11,42,71677.744,223.38,1177.918,2.32,23.76,0.7
AUT,2021-06-18,49,71801.817,124.07,1180.683,2.77,27.79,0.76
AUT,2021-06-25,56,71879.998,78.18,1183.226,2.54,32.17,0.83
AUT,2021-07-02,63,71941.15,61.15,1184.221,0.99,37.04,0.9
AUT,2021-07-09,70,72020.99,79.84,1185.659,1.44,41.31,0.96
AUT,2021-07-16,77,72210.085,189.10,1186.323,0.66,44.98,1
AUT,2021-07-23,84,72496.271,286.19,1186.544,0.22,48.21,1.05
AUT,2021-07-30,91,72820.166,323.90,1187.318,0.77,51.23,1.08
AUT,2021-08-06,98,73196.586,376.42,1188.534,1.22,53.8,1.11
AUT,2021-08-13,105,73745.957,549.37,1189.087,0.55,55.78,1.13
AUT,2021-08-20,112,74540.709,794.75,1189.972,0.88,57.13,1.15
AUT,2021-08-27,119,75551.649,1010.94,1191.63,1.66,57.94,1.16
AUT,2021-09-03,126,76679.252,1127.60,1192.626,1.00,58.49,1.17
AUT,2021-09-10,133,78061.194,1381.94,1197.823,5.20,59,1.18
AUT,2021-09-17,140,79669.276,1608.08,1203.352,5.53,59.53,1.19
AUT,2021-09-24,147,80963.305,1294.03,1211.203,7.85,60.07,1.21
AUT,2021-10-01,154,82379.528,1416.22,1217.949,6.75,60.56,1.22
AUT,2021-10-08,161,83785.134,1405.61,1225.69,7.74,61.09,1.23
AUT,2021-10-15,168,85274.451,1489.32,1233.099,7.41,61.61,1.25
AUT,2021-10-22,175,87495.267,2220.82,1242.166,9.07,62.12,1.27
AUT,2021-10-29,182,90588.132,3092.86,1253.225,11.06,62.58,1.28
AUT,2021-11-05,189,95696.462,5108.33,1266.273,13.05,63.08,1.31
AUT,2021-11-12,196,103388.318,7691.86,1287.284,21.01,63.77,1.36
AUT,2021-11-19,203,113597.901,10209.58,1321.564,34.28,64.7,1.43
AUT,2021-11-26,210,123977.118,10379.22,1358.388,36.82,65.73,1.51
AUT,2021-12-03,217,131148.132,7171.01,1403.616,45.23,66.98,1.6
AUT,2021-12-10,224,135030.994,3882.86,1445.969,42.35,68.37,1.67
AUT,2021-12-17,231,137700.109,2669.11,1485.999,40.03,69.83,1.75
AUT,2021-12-24,238,139416.229,1716.12,1505.794,19.80,70.91,1.79
AUT,2021-12-31,245,141392.107,1975.88,1518.621,12.83,71.66,1.82
BEL,2021-04-30,0,85127.284,,2082.987,,7.54,0.34
BEL,2021-05-07,7,86911.793,1784.51,2104.737,21.75,9.74,0.4
BEL,2021-05-14,14,88383.294,1471.50,2120.297,15.56,11.84,0.45
BEL,2021-05-21,21,89802.442,1419.15,2132.762,12.47,14.71,0.52
BEL,2021-05-28,28,90945.033,1142.59,2141.445,8.68,18.2,0.57
BEL,2021-06-04,35,91847.947,902.91,2150.385,8.94,21.88,0.65
BEL,2021-06-11,42,92413.784,565.84,2155.629,5.24,26.67,0.74
BEL,2021-06-18,49,92694.295,280.51,2159.24,3.61,30.53,0.83
BEL,2021-06-25,56,93057.507,363.21,2162.937,3.70,33.18,0.91
BEL,2021-07-02,63,93404.127,346.62,2165.086,2.15,35.94,0.97
BEL,2021-07-09,70,94022.403,618.28,2166.203,1.12,41.32,1.04
BEL,2021-07-16,77,94857.404,835.00,2167.149,0.95,47.26,1.12
BEL,2021-07-23,84,95609.445,752.04,2167.837,0.69,53.24,1.19
BEL,2021-07-30,91,96688.678,1079.23,2169.9,2.06,58.91,1.26
BEL,2021-08-06,98,97721.231,1032.55,2172.221,2.32,63.28,1.31
BEL,2021-08-13,105,98851.099,1129.87,2173.854,1.63,66.15,1.35
BEL,2021-08-20,112,100042.347,1191.25,2176.691,2.84,67.94,1.37
BEL,2021-08-27,119,101261.621,1219.27,2180.13,3.44,69.61,1.39
BEL,2021-09-03,126,102473.674,1212.05,2183.311,3.18,70.74,1.41
BEL,2021-09-10,133,103634.92,1161.25,2188.211,4.90,71.32,1.41
BEL,2021-09-17,140,104864.08,1229.16,2191.907,3.70,71.8,1.42
BEL,2021-09-24,147,106059.798,1195.72,2196.808,4.90,72.25,1.43
BEL,2021-10-01,154,107218.121,1158.32,2201.794,4.99,72.75,1.45
BEL,2021-10-08,161,108413.496,1195.38,2207.21,5.42,73.04,1.47
BEL,2021-10-15,168,110026.844,1613.35,2213.399,6.19,73.36,1.48
BEL,2021-10-22,175,112820.007,2793.16,2221.91,8.51,73.62,1.5
BEL,2021-10-29,182,116971.366,4151.36,2234.633,12.72,73.9,1.51
BEL,2021-11-05,189,120659.19,3687.82,2244.176,9.54,74.11,1.52
BEL,2021-11-12,196,127636.638,6977.45,2262.745,18.57,74.32,1.54
BEL,2021-11-19,203,135957.238,8320.60,2283.978,21.23,74.57,1.56
BEL,2021-11-26,210,146284.744,10327.51,2307.362,23.38,74.8,1.61
BEL,2021-12-03,217,157102.349,10817.60,2335.473,28.11,75.01,1.66
BEL,2021-12-10,224,165897.231,8794.88,2364.444,28.97,75.22,1.71
BEL,2021-12-17,231,171088.622,5191.39,2386.709,22.26,75.43,1.77
BEL,2021-12-24,238,175210.839,4122.22,2419.893,33.18,75.61,1.83
BEL,2021-12-31,245,180990.591,5779.75,2435.539,15.65,75.67,1.86
BGR,2021-04-30,0,58634.222,,2377.819,,3.09,0.12
BGR,2021-05-07,7,59375.886,741.66,2448.433,70.61,4.12,0.13
BGR,2021-05-14,14,60005.611,629.72,2500.198,51.76,5.94,0.16
BGR,2021-05-21,21,60379.561,373.95,2533.692,33.49,7.17,0.18
BGR,2021-05-28,28,60624.462,244.90,2559.502,25.81,7.89,0.19
BGR,2021-06-04,35,60802.954,178.49,2582.411,22.91,8.93,0.21
BGR,2021-06-11,42,60929.973,127.02,2594.446,12.03,10.07,0.23
BGR,2021-06-18,49,61038.866,108.89,2608.076,13.63,10.81,0.24
BGR,2021-06-25,56,61114.7,75.83,2613.731,5.66,11.36,0.25
BGR,2021-07-02,63,61186.619,71.92,2621.996,8.26,11.87,0.26
BGR,2021-07-09,70,61249.113,62.49,2629.971,7.97,12.28,0.27
BGR,2021-07-16,77,61315.667,66.55,2634.466,4.49,12.36,0.27
BGR,2021-07-23,84,61417.455,101.79,2637.945,3.48,12.36,0.27
BGR,2021-07-30,91,61605.517,188.06,2640.555,2.61,14.47,0.29
BGR,2021-08-06,98,61983.817,378.30,2646.355,5.80,15,0.3
BGR,2021-08-13,105,62688.216,704.40,2658.1,11.74,15.51,0.31
BGR,2021-08-20,112,63808.614,1120.40,2676.515,18.41,16.09,0.32
BGR,2021-08-27,119,65269.903,1461.29,2710.009,33.49,16.71,0.33
BGR,2021-09-03,126,66799.195,1529.29,2762.354,52.34,17.34,0.34
BGR,2021-09-10,133,68138.25,1339.05,2821.513,59.16,17.88,0.35
BGR,2021-09-17,140,69711.621,1573.37,2893.432,71.92,18.45,0.36
BGR,2021-09-24,147,71241.348,1529.73,2961.291,67.86,18.94,0.36
BGR,2021-10-01,154,73115.59,1874.24,3040.459,79.17,19.36,0.37
BGR,2021-10-08,161,75253.148,2137.56,3129.923,89.46,19.71,0.37
BGR,2021-10-15,168,77972.872,2719.72,3217.212,87.29,20.05,0.38
BGR,2021-10-22,175,81883.029,3910.16,3331.325,114.11,20.74,0.39
BGR,2021-10-29,182,86737.556,4854.53,3461.388,130.06,21.81,0.41
BGR,2021-11-05,189,91157.235,4419.68,3616.246,154.86,22.61,0.43
BGR,2021-11-12,196,94713.887,3556.65,3788.068,171.82,23.42,0.44
BGR,2021-11-19,203,97308.043,2594.16,3932.921,144.85,24.46,0.46
BGR,2021-11-26,210,99672.957,2364.91,4059.359,126.44,25.36,0.48
BGR,2021-12-03,217,101711.482,2038.53,4171.443,112.08,26.07,0.49
BGR,2021-12-10,224,103395.487,1684.00,4271.491,100.05,26.62,0.51
BGR,2021-12-17,231,104896.214,1500.73,4351.965,80.47,27.1,0.52
BGR,2021-12-24,238,106303.563,1407.35,4418.954,66.99,27.51,0.53
BGR,2021-12-31,245,108329.038,2025.48,4488.408,69.45,27.77,0.54
HRV,2021-04-30,0,81384.35,,1734.835,,4.87,0.22
HRV,2021-05-07,7,83908.814,2524.46,1810.049,75.21,5.96,0.26
HRV,2021-05-14,14,85525.07,1616.26,1877.669,67.62,7.37,0.32
HRV,2021-05-21,21,86537.649,1012.58,1924.709,47.04,9.6,0.38
HRV,2021-05-28,28,87125.645,588.00,1958.028,33.32,11.46,0.42
HRV,2021-06-04,35,87512.743,387.10,1976.403,18.38,13.62,0.46
HRV,2021-06-11,42,87802.331,289.59,1990.123,13.72,16.79,0.51
HRV,2021-06-18,49,87962.07,159.74,2001.148,11.02,21.45,0.57
HRV,2021-06-25,56,88082.12,120.05,2008.008,6.86,25.24,0.61
HRV,2021-07-02,63,88215.889,133.77,2011.928,3.92,27.74,0.65
HRV,2021-07-09,70,88366.073,150.18,2015.358,3.43,30.59,0.68
HRV,2021-07-16,77,88529.977,163.90,2017.318,1.96,32.39,0.71
HRV,2021-07-23,84,88764.196,234.22,2020.013,2.69,33.81,0.73
HRV,2021-07-30,91,89031.734,267.54,2022.218,2.21,34.92,0.75
HRV,2021-08-06,98,89326.222,294.49,2026.138,3.92,37.07,0.76
HRV,2021-08-13,105,89756.93,430.71,2028.588,2.45,37.89,0.78
HRV,2021-08-20,112,90376.776,619.85,2032.263,3.67,38.62,0.79
HRV,2021-08-27,119,91193.111,816.34,2037.898,5.63,39.31,0.8
HRV,2021-09-03,126,92221.615,1028.50,2046.963,9.07,39.89,0.81
HRV,2021-09-10,133,93576.212,1354.60,2061.173,14.21,40.02,0.82
HRV,2021-09-17,140,95464.661,1888.45,2077.833,16.66,40.02,0.82
HRV,2021-09-24,147,97450.864,1986.20,2098.657,20.82,40.02,0.83
HRV,2021-10-01,154,99544.621,2093.76,2119.237,20.58,40.02,0.84
HRV,2021-10-08,161,101761.613,2216.99,2144.227,24.99,40.02,0.85
HRV,2021-10-15,168,104042.549,2280.94,2171.177,26.95,42.94,0.86
HRV,2021-10-22,175,107663.873,3621.32,2201.312,30.13,43.42,0.87
HRV,2021-10-29,182,113307.414,5643.54,2246.147,44.84,43.98,0.88
HRV,2021-11-05,189,120067.414,6760.00,2302.986,56.84,44.5,0.9
HRV,2021-11-12,196,129429.298,9361.88,2394.616,91.63,45.36,0.94
HRV,2021-11-19,203,137322.661,7893.36,2493.595,98.98,46.3,0.97
HRV,2021-11-26,210,145645.506,8322.85,2607.764,114.17,47.15,1
HRV,2021-12-03,217,152824.208,7178.70,2718.504,110.74,47.33,1.03
HRV,2021-12-10,224,158759.788,5935.58,2821.403,102.90,47.33,1.07
HRV,2021-12-17,231,164134.321,5374.53,2910.338,88.94,47.33,1.11
HRV,2021-12-24,238,169007.587,4873.27,2996.822,86.48,47.33,1.14
HRV,2021-12-31,245,175233.98,6226.39,3071.792,74.97,47.86,1.16
CYP,2021-04-30,0,73885.748,,344.864,,6.72,0.26
CYP,2021-05-07,7,77586.621,3700.87,367.185,22.32,8.89,0.37
CYP,2021-05-14,14,79962.723,2376.10,382.81,15.63,11.63,0.47
CYP,2021-05-21,21,81122.315,1159.59,391.739,8.93,16.48,0.56
CYP,2021-05-28,28,81818.74,696.43,399.551,7.81,21.32,0.64
CYP,2021-06-04,35,82306.46,487.72,405.132,5.58,26.51,0.71
CYP,2021-06-11,42,82785.252,478.79,415.176,10.04,29.89,0.77
CYP,2021-06-18,49,83219.402,434.15,418.524,3.35,33.06,0.83
CYP,2021-06-25,56,84034.129,814.73,418.524,0.00,36.17,0.87
CYP,2021-07-02,63,86874.515,2840.39,418.524,0.00,40.65,0.93
CYP,2021-07-09,70,92731.625,5857.11,425.221,6.70,45.19,0.99
CYP,2021-07-16,77,100405.69,7674.07,428.569,3.35,46.99,1.02
CYP,2021-07-23,84,108050.736,7645.05,445.31,16.74,48.69,1.06
CYP,2021-07-30,91,114163.425,6112.69,465.399,20.09,50.17,1.09
CYP,2021-08-06,98,118516.08,4352.65,485.488,20.09,52.43,1.13
CYP,2021-08-13,105,122330.791,3814.71,512.274,26.79,54.77,1.17
CYP,2021-08-20,112,125267.158,2936.37,532.363,20.09,56.26,1.19
CYP,2021-08-27,119,127514.913,2247.76,558.033,25.67,57.48,1.21
CYP,2021-09-03,126,129561.777,2046.86,577.006,18.97,58.82,1.23
CYP,2021-09-10,133,131196.813,1635.04,597.095,20.09,59.49,1.25
CYP,2021-09-17,140,132331.851,1135.04,608.256,11.16,60.33,1.26
CYP,2021-09-24,147,133348.586,1016.74,613.836,5.58,61.13,1.28
CYP,2021-10-01,154,134231.394,882.81,616.068,2.23,61.91,1.3
CYP,2021-10-08,161,135034.961,803.57,622.764,6.70,62.51,1.31
CYP,2021-10-15,168,136154.374,1119.41,624.997,2.23,62.97,1.33
CYP,2021-10-22,175,137271.555,1117.18,633.925,8.93,63.26,1.34
CYP,2021-10-29,182,138411.058,1139.50,638.389,4.46,63.51,1.35
CYP,2021-11-05,189,139969.085,1558.03,642.854,4.47,63.83,1.37
CYP,2021-11-12,196,141780.459,1811.37,655.13,12.28,64.1,1.38
CYP,2021-11-19,203,144148.749,2368.29,657.362,2.23,64.34,1.4
CYP,2021-11-26,210,147265.919,3117.17,659.595,2.23,64.91,1.45
CYP,2021-12-03,217,151893.126,4627.21,668.523,8.93,65.3,1.49
CYP,2021-12-10,224,156282.61,4389.48,677.452,8.93,65.88,1.55
CYP,2021-12-17,231,160942.182,4659.57,688.612,11.16,66.63,1.61
CYP,2021-12-24,238,166941.033,5998.85,699.773,11.16,67.84,1.72
CYP,2021-12-31,245,186189.809,19248.78,712.05,12.28,67.84,1.72
CZE,2021-04-30,0,152058.366,,2728.972,,9.51,0.3
CZE,2021-05-07,7,153171.512,1113.15,2760.768,31.80,9.97,0.34
CZE,2021-05-14,14,153962.408,790.90,2783.985,23.22,10.39,0.39
CZE,2021-05-21,21,154493.525,531.12,2796.387,12.40,11.26,0.43
CZE,2021-05-28,28,154829.856,336.33,2805.525,9.14,13.32,0.49
CZE,2021-06-04,35,155068.468,238.61,2810.56,5.03,16.12,0.54
CZE,2021-06-11,42,155236.214,167.75,2817.74,7.18,19.38,0.61
CZE,2021-06-18,49,155327.499,91.29,2822.961,5.22,23.37,0.67
CZE,2021-06-25,56,155408.435,80.94,2824.547,1.59,27.8,0.73
CZE,2021-07-02,63,155494.406,85.97,2826.039,1.49,32.47,0.8
CZE,2021-07-09,70,155614.038,119.63,2828.183,2.14,35.5,0.84
CZE,2021-07-16,77,155771.807,157.77,2828.556,0.37,39.24,0.89
CZE,2021-07-23,84,155916.988,145.18,2829.675,1.12,42.67,0.93
CZE,2021-07-30,91,156037.179,120.19,2831.167,1.49,45.24,0.97
CZE,2021-08-06,98,156144.223,107.04,2831.54,0.37,47.4,1
CZE,2021-08-13,105,156264.601,120.38,2832.006,0.47,49.63,1.02
CZE,2021-08-20,112,156389.175,124.57,2833.125,1.12,51.49,1.05
CZE,2021-08-27,119,156514.122,124.95,2834.524,1.40,53.14,1.07
CZE,2021-09-03,126,156654.175,140.05,2835.083,0.56,54.05,1.08
CZE,2021-09-10,133,156880.664,226.49,2835.829,0.75,54.63,1.09
CZE,2021-09-17,140,157156.667,276.00,2837.135,1.31,55.1,1.09
CZE,2021-09-24,147,157438.45,281.78,2839.372,2.24,55.49,1.1
CZE,2021-10-01,154,157807.23,368.78,2841.61,2.24,55.8,1.11
CZE,2021-10-08,161,158333.965,526.73,2843.568,1.96,56.08,1.11
CZE,2021-10-15,168,159071.525,737.56,2846.552,2.98,56.33,1.12
CZE,2021-10-22,175,160607.72,1536.20,2852.613,6.06,56.56,1.13
CZE,2021-10-29,182,163371.471,2763.75,2863.056,10.44,56.87,1.14
CZE,2021-11-05,189,167946.767,4575.30,2884.782,21.73,57.32,1.17
CZE,2021-11-12,196,174083.619,6136.85,2923.665,38.88,57.78,1.19
CZE,2021-11-19,203,182554.555,8470.94,2972.525,48.86,58.35,1.22
CZE,2021-11-26,210,194866.583,12312.03,3043.763,71.24,59.16,1.25
CZE,2021-12-03,217,206253.072,11386.49,3119.011,75.25,59.85,1.29
CZE,2021-12-10,224,215648.708,9395.64,3192.86,73.85,60.47,1.34
CZE,2021-12-17,231,222690.214,7041.51,3267.829,74.97,61.23,1.39
CZE,2021-12-24,238,224437.233,1747.02,3290.394,22.56,61.72,1.42
CZE,2021-12-31,245,230846.824,6409.59,3368.812,78.42,62.03,1.44
DNK,2021-04-30,0,43100.118,,427.124,,10.8,0.33
DNK,2021-05-07,7,44295.824,1195.71,429.188,2.06,13.71,0.39
DNK,2021-05-14,14,45493.078,1197.25,429.876,0.69,16.93,0.45
DNK,2021-05-21,21,46773.417,1280.34,431.08,1.20,19.65,0.51
DNK,2021-05-28,28,47889.478,1116.06,432.112,1.03,20.94,0.57
DNK,2021-06-04,35,49033.062,1143.58,432.973,0.86,22.78,0.62
DNK,2021-06-11,42,49734.557,701.50,434.005,1.03,25,0.71
DNK,2021-06-18,49,50095.453,360.90,434.865,0.86,27.43,0.76
DNK,2021-06-25,56,50328.368,232.92,435.381,0.52,30.65,0.86
DNK,2021-07-02,63,50655.892,327.52,436.241,0.86,34.89,0.93
DNK,2021-07-09,70,51277.914,622.02,436.585,0.34,39.32,1.01
DNK,2021-07-16,77,52367.656,1089.74,437.101,0.52,44.3,1.09
DNK,2021-07-23,84,53347.822,980.17,437.273,0.17,49.84,1.19
DNK,2021-07-30,91,54369.788,1021.97,438.305,1.03,54.3,1.26
DNK,2021-08-06,98,55393.475,1023.69,438.993,0.69,58.56,1.32
DNK,2021-08-13,105,56596.062,1202.59,440.025,1.03,64.19,1.38
DNK,2021-08-20,112,57750.655,1154.59,440.885,0.86,68.44,1.43
DNK,2021-08-27,119,58912.129,1161.47,443.122,2.24,71.07,1.46
DNK,2021-09-03,126,59847.054,934.92,445.014,1.89,72.67,1.48
DNK,2021-09-10,133,60473.892,626.84,448.626,3.61,73.55,1.49
DNK,2021-09-17,140,60906.521,432.63,451.035,2.41,74.21,1.51
DNK,2021-09-24,147,61294.94,388.42,454.131,3.10,74.7,1.52
DNK,2021-10-01,154,61795.689,500.75,457.399,3.27,75.05,1.52
DNK,2021-10-08,161,62397.928,602.24,459.119,1.72,75.27,1.53
DNK,2021-10-15,168,63183.884,785.96,460.84,1.72,75.47,1.54
DNK,2021-10-22,175,64301.321,1117.44,463.764,2.92,75.62,1.55
DNK,2021-10-29,182,66155.173,1853.85,466,2.24,75.78,1.57
DNK,2021-11-05,189,68471.929,2316.76,468.753,2.75,75.92,1.59
DNK,2021-11-12,196,71758.013,3286.08,473.569,4.82,76.08,1.61
DNK,2021-11-19,203,76184.069,4426.06,481.138,7.57,76.27,1.63
DNK,2021-11-26,210,81002.673,4818.60,490.255,9.12,76.47,1.67
DNK,2021-12-03,217,86312.392,5309.72,503.5,13.25,76.79,1.71
DNK,2021-12-10,224,93371.031,7058.64,515.37,11.87,77.22,1.76
DNK,2021-12-17,231,103292.07,9921.04,525.347,9.98,77.61,1.88
DNK,2021-12-24,238,117839.397,14547.33,548.225,22.88,78.01,2.02
DNK,2021-12-31,245,138027.751,20188.35,561.987,13.76,78.7,2.09
EST,2021-04-30,0,92076.747,,876.102,,9.86,0.35
EST,2021-05-07,7,93970.818,1894.07,900.25,24.15,12.47,0.39
EST,2021-05-14,14,95565.308,1594.49,918.36,18.11,14.4,0.43
EST,2021-05-21,21,96823.243,1257.93,934.962,16.60,16.7,0.48
EST,2021-05-28,28,97568.798,745.55,940.999,6.04,19.34,0.52
EST,2021-06-04,35,98103.062,534.26,950.808,9.81,21.77,0.57
EST,2021-06-11,42,98414.715,311.65,955.336,4.53,25.31,0.62
EST,2021-06-18,49,98666.001,251.29,956.091,0.75,29.43,0.67
EST,2021-06-25,56,98784.474,118.47,957.6,1.51,31.3,0.7
EST,2021-07-02,63,98946.715,162.24,957.6,0.00,34.21,0.73
EST,2021-07-09,70,99152.724,206.01,958.355,0.75,36.75,0.77
EST,2021-07-16,77,99414.574,261.85,959.109,0.75,38.95,0.8
EST,2021-07-23,84,99806.216,391.64,959.109,0.00,40.99,0.83
EST,2021-07-30,91,100595.538,789.32,959.864,0.75,42.45,0.85
EST,2021-08-06,98,101661.047,1065.51,963.637,3.77,43.76,0.88
EST,2021-08-13,105,103004.253,1343.21,965.146,1.51,45.05,0.91
EST,2021-08-20,112,104504.417,1500.16,966.655,1.51,46.26,0.93
EST,2021-08-27,119,106167.578,1663.16,971.183,4.53,47.29,0.95
EST,2021-09-03,126,108045.802,1878.22,977.974,6.79,48.53,0.97
EST,2021-09-10,133,110086.267,2040.47,987.784,9.81,49.88,0.98
EST,2021-09-17,140,112378.772,2292.50,997.594,9.81,51.36,1
EST,2021-09-24,147,115024.434,2645.66,1013.441,15.85,52.92,1.02
EST,2021-10-01,154,118463.192,3438.76,1024.006,10.57,54.09,1.03
EST,2021-10-08,161,122801.444,4338.25,1049.662,25.66,54.89,1.04
EST,2021-10-15,168,128403.668,5602.22,1067.773,18.11,55.65,1.05
EST,2021-10-22,175,134780.876,6377.21,1093.43,25.66,56.42,1.06
EST,2021-10-29,182,143527.56,8746.68,1133.424,39.99,57.24,1.08
EST,2021-11-05,189,152905.852,9378.29,1193.038,59.61,57.89,1.09
EST,2021-11-12,196,158877.08,5971.23,1254.162,61.12,58.35,1.1
EST,2021-11-19,203,163056.864,4179.78,1300.193,46.03,58.77,1.11
EST,2021-11-26,210,166402.05,3345.19,1343.96,43.77,59.25,1.11
EST,2021-12-03,217,169179.769,2777.72,1365.844,21.88,59.77,1.12
EST,2021-12-10,224,171633.006,2453.24,1392.255,26.41,60.4,1.13
EST,2021-12-17,231,174403.179,2770.17,1414.139,21.88,61,1.14
EST,2021-12-24,238,177837.409,3434.23,1439.041,24.90,61.37,1.14
EST,2021-12-31,245,182168.87,4331.46,1457.906,18.87,61.64,1.15
FIN,2021-04-30,0,15645.701,,164.733,,2.89,0.31
FIN,2021-05-07,7,15920.377,274.68,166.175,1.44,3.21,0.35
FIN,2021-05-14,14,16164.413,244.04,167.797,1.62,3.91,0.39
FIN,2021-05-21,21,16429.537,265.12,167.978,0.18,5.21,0.43
FIN,2021-05-28,28,16625.45,195.91,170.861,2.88,6.93,0.48
FIN,2021-06-04,35,16768.556,143.11,172.844,1.98,8.92,0.53
FIN,2021-06-11,42,16880.661,112.10,173.745,0.90,11.12,0.59
FIN,2021-06-18,49,16969.696,89.03,174.286,0.54,13.37,0.65
FIN,2021-06-25,56,17071.528,101.83,174.646,0.36,15.52,0.71
FIN,2021-07-02,63,17334.849,263.32,175.367,0.72,17.81,0.76
FIN,2021-07-09,70,17599.972,265.12,175.908,0.54,20.95,0.82
FIN,2021-07-16,77,17949.805,349.83,176.268,0.36,24.66,0.88
FIN,2021-07-23,84,18391.377,441.57,176.449,0.18,28.01,0.92
FIN,2021-07-30,91,19106.183,714.81,177.35,0.90,31.72,0.97
FIN,2021-08-06,98,19955.443,849.26,177.71,0.36,35.49,1.02
FIN,2021-08-13,105,20948.709,993.27,179.873,2.16,39.08,1.07
FIN,2021-08-20,112,21784.812,836.10,182.396,2.52,42.97,1.13
FIN,2021-08-27,119,22503.042,718.23,183.658,1.26,46.7,1.18
FIN,2021-09-03,126,23269.034,765.99,185.821,2.16,50.12,1.23
FIN,2021-09-10,133,23910.124,641.09,187.983,2.16,53.71,1.27
FIN,2021-09-17,140,24478.4,568.28,189.606,1.62,56.9,1.31
FIN,2021-09-24,147,24976.385,497.98,191.949,2.34,59.12,1.33
FIN,2021-10-01,154,25613.69,637.31,194.292,2.34,61.37,1.36
FIN,2021-10-08,161,26256.222,642.53,197.536,3.24,63.55,1.39
FIN,2021-10-15,168,27016.447,760.22,201.14,3.60,65.41,1.41
FIN,2021-10-22,175,27603.828,587.38,205.286,4.15,67.16,1.44
FIN,2021-10-29,182,28392.349,788.52,208.71,3.42,68.58,1.46
FIN,2021-11-05,189,29283.603,891.25,214.117,5.41,70.05,1.48
FIN,2021-11-12,196,30120.427,836.82,219.164,5.05,71.03,1.5
FIN,2021-11-19,203,31508.945,1388.52,225.112,5.95,71.73,1.51
FIN,2021-11-26,210,32853.666,1344.72,235.926,10.81,72.22,1.53
FIN,2021-12-03,217,34465.313,1611.65,245.117,9.19,72.7,1.55
FIN,2021-12-10,224,36236.106,1770.79,256.112,11.00,73.2,1.58
FIN,2021-12-17,231,38447.03,2210.92,262.059,5.95,73.63,1.61
FIN,2021-12-24,238,41524.335,3077.31,271.612,9.55,74.32,1.7
FIN,2021-12-31,245,46913.314,5388.98,281.885,10.27,74.5,1.73
FRA,2021-04-30,0,83926.152,,1550.354,,9.64,0.33
FRA,2021-05-07,7,85862.582,1936.43,1573.908,23.55,11.5,0.38
FRA,2021-05-14,14,87360.224,1497.64,1593.515,19.61,13.13,0.43
FRA,2021-05-21,21,83404.171,-3956.05,1608.555,15.04,14.53,0.49
FRA,2021-05-28,28,84377.266,973.10,1621.222,12.67,16.08,0.54
FRA,2021-06-04,35,85181.944,804.68,1630.506,9.28,18.35,0.6
FRA,2021-06-11,42,85670.197,488.25,1636.958,6.45,21.01,0.66
FRA,2021-06-18,49,85954.258,284.06,1642.313,5.36,24.35,0.72
FRA,2021-06-25,56,86155.038,200.78,1645.843,3.53,28.3,0.78
FRA,2021-07-02,63,86368.455,213.42,1648.764,2.92,32.73,0.84
FRA,2021-07-09,70,86710.999,342.54,1651.271,2.51,36.91,0.9
FRA,2021-07-16,77,87313.473,602.47,1653.496,2.23,40.88,0.96
FRA,2021-07-23,84,88928.347,1614.87,1655.632,2.14,44.78,1.03
FRA,2021-07-30,91,91161.164,2232.82,1659.132,3.50,47.65,1.1
FRA,2021-08-06,98,93472.027,2310.86,1664.145,5.01,49.85,1.15
FRA,2021-08-13,105,95945.493,2473.47,1670.567,6.42,52.27,1.2
FRA,2021-08-20,112,98237.593,2292.10,1680.223,9.66,55.16,1.25
FRA,2021-08-27,119,99926.611,1689.02,1692.445,12.22,58.36,1.29
FRA,2021-09-03,126,101698.704,1772.09,1702.441,10.00,61.07,1.33
FRA,2021-09-10,133,102815.372,1116.67,1712.942,10.50,62.86,1.36
FRA,2021-09-17,140,103622.749,807.38,1720.566,7.62,64.19,1.38
FRA,2021-09-24,147,104251.387,628.64,1727.433,6.87,65.26,1.4
FRA,2021-10-01,154,104756.192,504.80,1732.016,4.58,66.08,1.42
FRA,2021-10-08,161,105193.112,436.92,1736.392,4.38,66.74,1.43
FRA,2021-10-15,168,105677.479,484.37,1739.521,3.13,67.27,1.45
FRA,2021-10-22,175,106184.851,507.37,1742.443,2.92,67.7,1.46
FRA,2021-10-29,182,106758.076,573.23,1745.469,3.03,68.07,1.48
FRA,2021-11-05,189,107442.808,684.73,1748.984,3.51,68.39,1.49
FRA,2021-11-12,196,108350.613,907.80,1752.455,3.47,68.75,1.5
FRA,2021-11-19,203,110012.666,1662.05,1757.097,4.64,69.17,1.53
FRA,2021-11-26,210,112662.588,2649.92,1763.504,6.41,69.63,1.56
FRA,2021-12-03,217,116700.291,4037.70,1772.7,9.20,70.28,1.6
FRA,2021-12-10,224,121706.787,5006.50,1785.441,12.74,71.11,1.67
FRA,2021-12-17,231,127015.781,5308.99,1800.525,15.08,72.11,1.74
FRA,2021-12-24,238,133911.824,6896.04,1817.27,16.74,72.9,1.8
FRA,2021-12-31,245,148586.826,14675.00,1836.27,19.00,73.48,1.84
DEU,2021-04-30,0,40588.151,,990.424,,7.83,0.36
DEU,2021-05-07,7,41927.798,1339.65,1009.041,18.62,9.16,0.41
DEU,2021-05-14,14,42770.94,843.14,1025.382,16.34,10.95,0.47
DEU,2021-05-21,21,43463.403,692.46,1040.554,15.17,13.72,0.53
DEU,2021-05-28,28,43863.389,399.99,1053.153,12.60,17.16,0.59
DEU,2021-06-04,35,44155.712,292.32,1062.592,9.44,20.83,0.65
DEU,2021-06-11,42,44347.916,192.20,1070.566,7.97,25.77,0.72
DEU,2021-06-18,49,44440.764,92.85,1077.157,6.59,30.53,0.79
DEU,2021-06-25,56,44501.121,60.36,1081.663,4.51,34.81,0.86
DEU,2021-07-02,63,44548.379,47.26,1085,3.34,38.36,0.92
DEU,2021-07-09,70,44604.696,56.32,1087.384,2.38,41.99,0.98
DEU,2021-07-16,77,44695.148,90.45,1088.993,1.61,45.8,1.03
DEU,2021-07-23,84,44818.473,123.32,1090.745,1.75,49,1.07
DEU,2021-07-30,91,44992.811,174.34,1092.521,1.78,51.89,1.11
DEU,2021-08-06,98,45206.516,213.71,1093.975,1.45,54.43,1.14
DEU,2021-08-13,105,45528.6,322.08,1095,1.03,56.79,1.17
DEU,2021-08-20,112,46048.55,519.95,1096.299,1.30,58.53,1.19
DEU,2021-08-27,119,46783.885,735.33,1098.027,1.73,59.79,1.21
DEU,2021-09-03,126,47636.062,852.18,1100.482,2.45,60.8,1.23
DEU,2021-09-10,133,48529.442,893.38,1103.736,3.25,61.66,1.24
DEU,2021-09-17,140,49309.163,779.72,1107.598,3.86,62.57,1.26
DEU,2021-09-24,147,49971.186,662.02,1112.866,5.27,63.46,1.28
DEU,2021-10-01,154,50644.066,672.88,1117.765,4.90,64.2,1.29
DEU,2021-10-08,161,51318.353,674.29,1122.544,4.78,64.74,1.3
DEU,2021-10-15,168,52047.777,729.42,1127.586,5.04,65.25,1.31
DEU,2021-10-22,175,53185.923,1138.15,1133.259,5.67,65.71,1.32
DEU,2021-10-29,182,54722.744,1536.82,1140.649,7.39,66.18,1.34
DEU,2021-11-05,189,56684.867,1962.12,1150.077,9.43,66.57,1.35
DEU,2021-11-12,196,59626.96,2942.09,1163.557,13.48,66.99,1.37
DEU,2021-11-19,203,63518.869,3891.91,1179.886,16.33,67.41,1.4
DEU,2021-11-26,210,68364.777,4845.91,1201.221,21.34,67.88,1.45
DEU,2021-12-03,217,73116.3,4751.52,1227.061,25.84,68.4,1.52
DEU,2021-12-10,224,77426.764,4310.46,1257.561,30.50,68.94,1.6
DEU,2021-12-17,231,80544.053,3117.29,1284.999,27.44,69.63,1.69
DEU,2021-12-24,238,83220.486,2676.43,1314.403,29.40,70.25,1.75
DEU,2021-12-31,245,85734.751,2514.26,1336.238,21.84,70.59,1.79
GRC,2021-04-30,0,33269.831,,1000.989,,9.1,0.3
GRC,2021-05-07,7,34531.36,1261.53,1051.998,51.01,11.17,0.34
GRC,2021-05-14,14,36051.501,1520.14,1091.725,39.73,14.56,0.4
GRC,2021-05-21,21,37357.579,1306.08,1127.884,36.16,17.06,0.46
GRC,2021-05-28,28,38463.767,1106.19,1156.619,28.73,18.97,0.52
GRC,2021-06-04,35,39327.64,863.87,1178.121,21.50,21.73,0.58
GRC,2021-06-11,42,39915.543,587.90,1193.839,15.72,25.65,0.64
GRC,2021-06-18,49,40277.33,361.79,1206.663,12.82,29.98,0.71
GRC,2021-06-25,56,40526.975,249.64,1218.234,11.57,33.37,0.76
GRC,2021-07-02,63,40900.14,373.17,1226.72,8.49,37.39,0.83
GRC,2021-07-09,70,41946.641,1046.50,1232.795,6.08,40.52,0.88
GRC,2021-07-16,77,43699.841,1753.20,1237.423,4.63,43.72,0.93
GRC,2021-07-23,84,45502.412,1802.57,1242.148,4.72,46.58,0.97
GRC,2021-07-30,91,47301.511,1799.10,1248.512,6.36,49.35,1.01
GRC,2021-08-06,98,49137.83,1836.32,1258.154,9.64,51.35,1.04
GRC,2021-08-13,105,51294.955,2157.13,1271.075,12.92,52.92,1.06
GRC,2021-08-20,112,53424.792,2129.84,1285.153,14.08,53.97,1.07
GRC,2021-08-27,119,55605.638,2180.85,1307.62,22.47,54.94,1.09
GRC,2021-09-03,126,57506.272,1900.63,1331.919,24.30,55.6,1.11
GRC,2021-09-10,133,58978.201,1471.93,1359.786,27.87,56.24,1.12
GRC,2021-09-17,140,60488.796,1510.60,1387.942,28.16,57.09,1.14
GRC,2021-09-24,147,62006.623,1517.83,1411.567,23.63,58.17,1.16
GRC,2021-10-01,154,63483.18,1476.56,1432.877,21.31,59.21,1.17
GRC,2021-10-08,161,64924.639,1441.46,1453.029,20.15,60.07,1.18
GRC,2021-10-15,168,66523.27,1598.63,1476.943,23.91,60.66,1.19
GRC,2021-10-22,175,68570.567,2047.30,1499.892,22.95,61.08,1.21
GRC,2021-10-29,182,70851.02,2280.45,1528.916,29.02,61.38,1.22
GRC,2021-11-05,189,74658.556,3807.54,1562.086,33.17,61.8,1.24
GRC,2021-11-12,196,79251.765,4593.21,1602.199,40.11,62.24,1.27
GRC,2021-11-19,203,83780.657,4528.89,1655.426,53.23,62.7,1.31
GRC,2021-11-26,210,88211.968,4431.31,1714.341,58.91,63.32,1.35
GRC,2021-12-03,217,92332.018,4120.05,1776.825,62.48,64.07,1.41
GRC,2021-12-10,224,95933.398,3601.38,1840.272,63.45,65,1.48
GRC,2021-12-17,231,99019.097,3085.70,1903.045,62.77,65.94,1.55
GRC,2021-12-24,238,102619.705,3600.61,1956.658,53.61,66.77,1.62
GRC,2021-12-31,245,116756.585,14136.88,2004.677,48.02,67.61,1.67
HUN,2021-04-30,0,80894.218,,2858.578,,20.23,0.62
HUN,2021-05-07,7,81915.583,1021.37,2948.155,89.58,25.46,0.7
HUN,2021-05-14,14,82663.131,747.55,3014.377,66.22,27.58,0.75
HUN,2021-05-21,21,83144.232,481.10,3054.443,40.07,30.8,0.82
HUN,2021-05-28,28,83408.085,263.85,3080.911,26.47,36.74,0.9
HUN,2021-06-04,35,83616.094,208.01,3095.028,14.12,39.59,0.94
HUN,2021-06-11,42,83742.623,126.53,3103.954,8.93,43.16,0.96
HUN,2021-06-18,49,83808.846,66.22,3108.729,4.77,45.26,0.96
HUN,2021-06-25,56,83858.876,50.03,3111.843,3.11,49.08,0.96
HUN,2021-07-02,63,83888.666,29.79,3113.089,1.25,51.04,0.96
HUN,2021-07-09,70,83913.578,24.91,3114.334,1.24,53.21,0.96
HUN,2021-07-16,77,83943.471,29.89,3115.476,1.14,54.69,0.96
HUN,2021-07-23,84,83982.499,39.03,3115.995,0.52,55.3,0.96
HUN,2021-07-30,91,84022.98,40.48,3116.618,0.62,56.35,0.96
HUN,2021-08-06,98,84060.762,37.78,3117.344,0.73,56.88,0.96
HUN,2021-08-13,105,84108.613,47.85,3117.863,0.52,57.07,0.96
HUN,2021-08-20,112,84156.878,48.26,3118.694,0.83,57.11,0.96
HUN,2021-08-27,119,84252.891,96.01,3119.835,1.14,57.14,0.96
HUN,2021-09-03,126,84391.357,138.47,3120.251,0.42,57.21,0.96
HUN,2021-09-10,133,84566.982,175.63,3122.846,2.59,57.52,0.96
HUN,2021-09-17,140,84818.898,251.92,3126.686,3.84,57.76,0.96
HUN,2021-09-24,147,85121.882,302.98,3129.592,2.91,58.29,0.96
HUN,2021-10-01,154,85465.036,343.15,3134.575,4.98,58.66,1.26
HUN,2021-10-08,161,85882.924,417.89,3142.463,7.89,58.9,1.26
HUN,2021-10-15,168,86475.087,592.16,3150.352,7.89,59.11,1.26
HUN,2021-10-22,175,87586.756,1111.67,3164.987,14.64,59.32,1.3
HUN,2021-10-29,182,89620.561,2033.81,3189.587,24.60,59.49,1.31
HUN,2021-11-05,189,92604.214,2983.65,3236.815,47.23,59.67,1.32
HUN,2021-11-12,196,97547.041,4942.83,3307.709,70.89,59.88,1.35
HUN,2021-11-19,203,103640.358,6093.32,3402.475,94.77,60.09,1.37
HUN,2021-11-26,210,110947.688,7307.33,3515.199,112.72,60.45,1.41
HUN,2021-12-03,217,117796.338,6848.65,3645.569,130.37,60.81,1.48
HUN,2021-12-10,224,122784.109,4987.77,3781.232,135.66,61.07,1.52
HUN,2021-12-17,231,126455.731,3671.62,3895.513,114.28,61.48,1.52
HUN,2021-12-24,238,128431.513,1975.78,3976.163,80.65,61.84,1.56
HUN,2021-12-31,245,130412.484,1980.97,4067.401,91.24,62.09,1.56
IRL,2021-04-30,0,49944.771,,983.964,,9.62,0.34
IRL,2021-05-07,7,50553.653,608.88,986.975,3.01,10.79,0.38
IRL,2021-05-14,14,51148.888,595.24,991.59,4.62,12.95,0.45
IRL,2021-05-21,21,51772.822,623.93,991.59,0.00,15.3,0.52
IRL,2021-05-28,28,52348.992,576.17,991.59,0.00,18.46,0.58
IRL,2021-06-04,35,52934.795,585.80,991.59,0.00,20.86,0.63
IRL,2021-06-11,42,53394.165,459.37,991.59,0.00,23.4,0.69
IRL,2021-06-18,49,53834.27,440.10,999.217,7.63,28.75,0.76
IRL,2021-06-25,56,54280.998,446.73,1001.223,2.01,34.16,0.84
IRL,2021-07-02,63,54846.732,565.73,1003.431,2.21,39.21,0.91
IRL,2021-07-09,70,55536.892,690.16,1004.635,1.20,45.21,0.99
IRL,2021-07-16,77,56584.273,1047.38,1007.043,2.41,50.09,1.07
IRL,2021-07-23,84,58304.354,1720.08,1008.649,1.61,53.29,1.13
IRL,2021-07-30,91,60115.346,1810.99,1010.455,1.81,56.49,1.19
IRL,2021-08-06,98,61971.894,1856.55,1012.261,1.81,59.21,1.24
IRL,2021-08-13,105,64403.207,2431.31,1015.271,3.01,62.56,1.29
IRL,2021-08-20,112,66889.509,2486.30,1018.282,3.01,65.32,1.33
IRL,2021-08-27,119,69451.468,2561.96,1021.894,3.61,67.67,1.37
IRL,2021-09-03,126,71030.066,1578.60,1025.908,4.01,69.38,1.4
IRL,2021-09-10,133,73019.067,1989.00,1034.537,8.63,71.11,1.42
IRL,2021-09-17,140,74793.133,1774.07,1039.354,4.82,72.72,1.44
IRL,2021-09-24,147,76638.643,1845.51,1045.374,6.02,73.76,1.45
IRL,2021-10-01,154,78466.091,1827.45,1053.402,8.03,74.42,1.46
IRL,2021-10-08,161,80240.96,1774.87,1059.623,6.22,74.77,1.48
IRL,2021-10-15,168,82593.203,2352.24,1064.841,5.22,75.06,1.49
IRL,2021-10-22,175,85437.127,2843.92,1077.484,12.64,75.33,1.51
IRL,2021-10-29,182,88435.378,2998.25,1090.93,13.45,75.53,1.52
IRL,2021-11-05,189,92771.805,4336.43,1102.169,11.24,75.66,1.53
IRL,2021-11-12,196,98336.432,5564.63,1117.019,14.85,75.8,1.56
IRL,2021-11-19,203,104120.81,5784.38,1125.649,8.63,75.99,1.6
IRL,2021-11-26,210,110684.051,6563.24,1134.278,8.63,76.25,1.64
IRL,2021-12-03,217,117094.77,6410.72,1145.316,11.04,76.46,1.69
IRL,2021-12-10,224,123412.372,6317.60,1161.572,16.26,76.65,1.74
IRL,2021-12-17,231,129270.602,5858.23,1171.004,9.43,76.83,1.8
IRL,2021-12-24,238,138785.937,9515.34,1182.042,11.04,76.97,1.91
IRL,2021-12-31,245,158252.898,19466.96,1186.457,4.42,77.07,1.95
ITA,2021-04-30,0,66636.103,,2001.194,,10.03,0.34
ITA,2021-05-07,7,67797.225,1161.12,2028.742,27.55,11.9,0.39
ITA,2021-05-14,14,68691.332,894.11,2052.877,24.13,13.95,0.45
ITA,2021-05-21,21,69300.17,608.84,2071.115,18.24,16.43,0.5
ITA,2021-05-28,28,69734.692,434.52,2085.875,14.76,19.34,0.56
ITA,2021-06-04,35,70033.065,298.37,2094.091,8.22,21.42,0.62
ITA,2021-06-11,42,70265.657,232.59,2102.523,8.43,23.24,0.69
ITA,2021-06-18,49,70417.096,151.44,2107.509,4.99,25.66,0.75
ITA,2021-06-25,56,70509.016,91.92,2110.706,3.20,28.98,0.82
ITA,2021-07-02,63,70594.012,85.00,2113.97,3.26,32.58,0.88
ITA,2021-07-09,70,70708.462,114.45,2116.305,2.34,37.15,0.94
ITA,2021-07-16,77,70919.221,210.76,2117.879,1.57,42.59,1.01
ITA,2021-07-23,84,71355.234,436.01,2119.304,1.43,47.69,1.07
ITA,2021-07-30,91,71951.316,596.08,2121.126,1.82,51.98,1.13
ITA,2021-08-06,98,72618.364,667.05,2123.445,2.32,55.19,1.18
ITA,2021-08-13,105,73347.896,729.53,2126.625,3.18,57.24,1.22
ITA,2021-08-20,112,74066.793,718.90,2131.661,5.04,58.35,1.25
ITA,2021-08-27,119,74832.255,765.46,2136.946,5.28,59.94,1.28
ITA,2021-09-03,126,75536.873,704.62,2143.704,6.76,61.84,1.31
ITA,2021-09-10,133,76142.961,606.09,2150.628,6.92,63.72,1.34
ITA,2021-09-17,140,76658.818,515.86,2157.337,6.71,65.41,1.36
ITA,2021-09-24,147,77089.464,430.65,2163.466,6.13,66.98,1.39
ITA,2021-10-01,154,77454.926,365.46,2169.596,6.13,68.17,1.41
ITA,2021-10-08,161,77778.494,323.57,2173.82,4.22,68.97,1.43
ITA,2021-10-15,168,78063.267,284.77,2178.375,4.55,69.86,1.45
ITA,2021-10-22,175,78412.379,349.11,2182.682,4.31,70.69,1.47
ITA,2021-10-29,182,78892.869,480.49,2187.221,4.54,71.32,1.49
ITA,2021-11-05,189,79437.898,545.03,2192.141,4.92,71.87,1.5
ITA,2021-11-12,196,80241.178,803.28,2197.972,5.83,72.34,1.53
ITA,2021-11-19,203,81243.109,1001.93,2204.532,6.56,72.67,1.55
ITA,2021-11-26,210,82528.254,1285.15,2212.069,7.54,72.9,1.58
ITA,2021-12-03,217,84108.957,1580.70,2221.014,8.95,73.12,1.63
ITA,2021-12-10,224,85895.101,1786.14,2230.821,9.81,73.35,1.68
ITA,2021-12-17,231,88405.145,2510.04,2243.278,12.46,73.59,1.74
ITA,2021-12-24,238,92229.207,3824.06,2259.263,15.99,73.84,1.79
ITA,2021-12-31,245,101473.242,9244.04,2276.093,16.83,74.1,1.84
LVA,2021-04-30,0,63504.12,,1141.444,,2.97,0.17
LVA,2021-05-07,7,65639.707,2135.59,1176.796,35.35,4.34,0.21
LVA,2021-05-14,14,68054.361,2414.65,1204.113,27.32,6.35,0.27
LVA,2021-05-21,21,69778.043,1723.68,1236.787,32.67,9.54,0.33
LVA,2021-05-28,28,71031.97,1253.93,1263.569,26.78,13.78,0.39
LVA,2021-06-04,35,72000.938,968.97,1286.601,23.03,18.37,0.46
LVA,2021-06-11,42,72719.228,718.29,1311.776,25.17,22.49,0.51
LVA,2021-06-18,49,73195.946,476.72,1331.059,19.28,25.63,0.55
LVA,2021-06-25,56,73451.981,256.04,1339.63,8.57,27.31,0.57
LVA,2021-07-02,63,73671.592,219.61,1353.021,13.39,30.47,0.61
LVA,2021-07-09,70,73827.463,155.87,1358.377,5.36,32.73,0.64
LVA,2021-07-16,77,73964.586,137.12,1361.591,3.21,34.14,0.67
LVA,2021-07-23,84,74122.599,158.01,1365.876,4.29,35.35,0.69
LVA,2021-07-30,91,74345.96,223.36,1369.09,3.21,36.47,0.71
LVA,2021-08-06,98,74605.744,259.78,1370.697,1.61,37.45,0.72
LVA,2021-08-13,105,74957.658,351.91,1371.768,1.07,38.4,0.74
LVA,2021-08-20,112,75409.2,451.54,1375.517,3.75,39.36,0.76
LVA,2021-08-27,119,75989.296,580.10,1378.195,2.68,40.32,0.78
LVA,2021-09-03,126,77024.683,1035.39,1384.087,5.89,41.26,0.8
LVA,2021-09-10,133,78407.164,1382.48,1393.729,9.64,42.19,0.82
LVA,2021-09-17,140,80138.88,1731.72,1411.405,17.68,43.16,0.84
LVA,2021-09-24,147,82168.411,2029.53,1432.831,21.43,44.46,0.86
LVA,2021-10-01,154,85390.271,3221.86,1457.47,24.64,46.14,0.88
LVA,2021-10-08,161,90119.951,4729.68,1492.822,35.35,47.67,0.91
LVA,2021-10-15,168,96650.444,6530.49,1536.744,43.92,49.82,0.95
LVA,2021-10-22,175,105728.965,9078.52,1602.628,65.88,51.98,1
LVA,2021-10-29,182,114872.834,9143.87,1712.969,110.34,53.96,1.04
LVA,2021-11-05,189,122490.136,7617.30,1844.736,131.77,56.53,1.09
LVA,2021-11-12,196,127563.695,5073.56,1972.753,128.02,59.4,1.13
LVA,2021-11-19,203,131234.42,3670.73,2099.699,126.95,61.02,1.17
LVA,2021-11-26,210,134448.245,3213.82,2203.077,103.38,63.09,1.2
LVA,2021-12-03,217,137190.174,2741.93,2275.388,72.31,64.63,1.24
LVA,2021-12-10,224,139618.219,2428.05,2335.38,59.99,65.76,1.28
LVA,2021-12-17,231,142375.681,2757.46,2372.874,37.49,66.59,1.32
LVA,2021-12-24,238,145214.56,2838.88,2407.155,34.28,67.16,1.34
LVA,2021-12-31,245,148196.99,2982.43,2447.864,40.71,67.61,1.37
LTU,2021-04-30,0,91926.277,,1458.439,,11.19,0.37
LTU,2021-05-07,7,94943.161,3016.88,1494.129,35.69,14.49,0.43
LTU,2021-05-14,14,97951.122,3007.96,1518.294,24.17,16.7,0.49
LTU,2021-05-21,21,100140.082,2188.96,1546.92,28.63,19.36,0.54
LTU,2021-05-28,28,101620.827,1480.75,1574.43,27.51,22.01,0.59
LTU,2021-06-04,35,102575.894,955.07,1597.48,23.05,25.58,0.66
LTU,2021-06-11,42,103120.16,544.27,1609.748,12.27,28.88,0.71
LTU,2021-06-18,49,103445.456,325.30,1620.901,11.15,32.78,0.76
LTU,2021-06-25,56,103577.061,131.60,1627.593,6.69,36.48,0.8
LTU,2021-07-02,63,103658.106,81.04,1630.939,3.35,40.24,0.85
LTU,2021-07-09,70,103757.739,99.63,1634.285,3.35,42.29,0.88
LTU,2021-07-16,77,103935.444,177.71,1637.259,2.97,43.83,0.9
LTU,2021-07-23,84,104295.685,360.24,1639.118,1.86,45.1,0.92
LTU,2021-07-30,91,104992.747,697.06,1640.605,1.49,46.33,0.96
LTU,2021-08-06,98,106031.09,1038.34,1644.694,4.09,48.4,1
LTU,2021-08-13,105,107346.399,1315.31,1650.642,5.95,50.86,1.03
LTU,2021-08-20,112,108760.97,1414.57,1662.167,11.52,53.55,1.07
LTU,2021-08-27,119,110317.184,1556.21,1680.384,18.22,55.66,1.11
LTU,2021-09-03,126,111963.736,1646.55,1707.523,27.14,57.21,1.13
LTU,2021-09-10,133,113967.928,2004.19,1730.572,23.05,58.48,1.15
LTU,2021-09-17,140,116620.109,2652.18,1770.723,40.15,59.52,1.17
LTU,2021-09-24,147,119976.415,3356.31,1816.078,45.36,60.45,1.19
LTU,2021-10-01,154,124054.691,4078.28,1864.036,47.96,61.4,1.2
LTU,2021-10-08,161,129206.628,5151.94,1925.378,61.34,62.26,1.22
LTU,2021-10-15,168,135185.374,5978.75,1998.616,73.24,62.96,1.23
LTU,2021-10-22,175,142183.502,6998.13,2071.11,72.49,63.55,1.25
LTU,2021-10-29,182,149840.773,7657.27,2156.244,85.13,64.13,1.26
LTU,2021-11-05,189,156647.441,6806.67,2248.071,91.83,64.54,1.28
LTU,2021-11-12,196,163344.067,6696.63,2331.346,83.28,65.04,1.3
LTU,2021-11-19,203,168137.994,4793.93,2401.982,70.64,65.58,1.33
LTU,2021-11-26,210,172708.488,4570.49,2470.015,68.03,66.04,1.36
LTU,2021-12-03,217,177092.356,4383.87,2529.87,59.86,66.59,1.4
LTU,2021-12-10,224,181404.474,4312.12,2577.456,47.59,67.08,1.44
LTU,2021-12-17,231,185608.778,4204.30,2628.016,50.56,67.5,1.47
LTU,2021-12-24,238,189413.806,3805.03,2694.934,66.92,67.81,1.5
LTU,2021-12-31,245,193168.646,3754.84,2746.238,51.30,68.11,1.54
LUX,2021-04-30,0,105865.655,,1253.911,,5.97,0.31
LUX,2021-05-07,7,107359.006,1493.35,1261.787,7.88,5.97,0.37
LUX,2021-05-14,14,108570.384,1211.38,1269.663,7.88,5.97,0.44
LUX,2021-05-21,21,109551.774,981.39,1275.964,6.30,5.97,0.5
LUX,2021-05-28,28,110000.725,448.95,1282.265,6.30,5.97,0.54
LUX,2021-06-04,35,110555.218,554.49,1288.566,6.30,5.97,0.6
LUX,2021-06-11,42,110908.077,352.86,1288.566,0.00,5.97,0.68
LUX,2021-06-18,49,111081.356,173.28,1288.566,0.00,5.97,0.75
LUX,2021-06-25,56,111213.678,132.32,1288.566,0.00,5.97,0.82
LUX,2021-07-02,63,111892.617,678.94,1288.566,0.00,5.97,0.9
LUX,2021-07-09,70,113434.801,1542.18,1290.142,1.58,5.97,0.96
LUX,2021-07-16,77,114614.675,1179.87,1291.717,1.58,5.97,1.02
LUX,2021-07-23,84,115643.322,1028.65,1293.292,1.57,5.97,1.07
LUX,2021-07-30,91,116364.793,721.47,1294.867,1.58,5.97,1.11
LUX,2021-08-06,98,116982.297,617.50,1298.018,3.15,5.97,1.15
LUX,2021-08-13,105,117506.86,524.56,1304.319,6.30,5.97,1.17
LUX,2021-08-20,112,118121.213,614.35,1307.47,3.15,5.97,1.19
LUX,2021-08-27,119,118959.254,838.04,1307.47,0.00,5.97,1.2
LUX,2021-09-03,126,119880.784,921.53,1307.47,0.00,5.97,1.21
LUX,2021-09-10,133,120715.674,834.89,1313.771,6.30,5.97,1.22
LUX,2021-09-17,140,121593.097,877.42,1313.771,0.00,5.97,1.23
LUX,2021-09-24,147,122495.723,902.63,1315.346,1.58,5.97,1.23
LUX,2021-10-01,154,123384.172,888.45,1315.346,0.00,5.97,1.25
LUX,2021-10-08,161,124474.255,1090.08,1316.921,1.58,5.97,1.26
LUX,2021-10-15,168,125580.091,1105.84,1321.647,4.73,5.97,1.27
LUX,2021-10-22,175,126971.05,1390.96,1326.373,4.73,5.97,1.28
LUX,2021-10-29,182,128672.336,1701.29,1327.948,1.58,5.97,1.31
LUX,2021-11-05,189,130498.067,1825.73,1337.4,9.45,5.97,1.33
LUX,2021-11-12,196,132712.889,2214.82,1346.851,9.45,5.97,1.35
LUX,2021-11-19,203,135409.742,2696.85,1357.878,11.03,5.97,1.38
LUX,2021-11-26,210,138793.41,3383.67,1364.179,6.30,5.97,1.42
LUX,2021-12-03,217,142993.066,4199.66,1386.233,22.05,67.69,1.47
LUX,2021-12-10,224,147175.393,4182.33,1401.985,15.75,67.69,1.53
LUX,2021-12-17,231,151395.527,4220.13,1414.588,12.60,67.69,1.59
LUX,2021-12-24,238,155924.413,4528.89,1428.765,14.18,67.69,1.65
LUX,2021-12-31,245,163458.903,7534.49,1441.367,12.60,67.69,1.7
MLT,2021-04-30,0,58694.052,,800.233,,20.74,0.65
MLT,2021-05-07,7,58965.317,271.26,807.983,7.75,22.9,0.72
MLT,2021-05-14,14,59046.696,81.38,807.983,0.00,26.54,0.8
MLT,2021-05-21,21,59091.261,44.56,807.983,0.00,32.78,0.89
MLT,2021-05-28,28,59147.452,56.19,811.858,3.88,39.29,0.99
MLT,2021-06-04,35,59211.393,63.94,811.858,0.00,44.68,1.06
MLT,2021-06-11,42,59250.145,38.75,811.858,0.00,49.62,1.13
MLT,2021-06-18,49,59267.584,17.44,813.796,1.94,54.78,1.2
MLT,2021-06-25,56,59296.648,29.06,813.796,0.00,59.6,1.26
MLT,2021-07-02,63,59354.776,58.13,813.796,0.00,64.45,1.32
MLT,2021-07-09,70,59777.175,422.40,813.796,0.00,67.65,1.36
MLT,2021-07-16,77,62137.183,2360.01,813.796,0.00,68.96,1.4
MLT,2021-07-23,84,64658.012,2520.83,813.796,0.00,71.42,1.44
MLT,2021-07-30,91,66268.165,1610.15,819.609,5.81,73.81,1.47
MLT,2021-08-06,98,67266.034,997.87,821.546,1.94,76.46,1.5
MLT,2021-08-13,105,68188.336,922.30,831.234,9.69,78.32,1.52
MLT,2021-08-20,112,69081.573,893.24,842.86,11.63,79.23,1.53
MLT,2021-08-27,119,69734.548,652.97,850.61,7.75,79.79,1.54
MLT,2021-09-03,126,70459.213,724.67,854.486,3.88,80.14,1.55
MLT,2021-09-10,133,71059.872,600.66,864.174,9.69,80.62,1.56
MLT,2021-09-17,140,71550.087,490.21,877.737,13.56,81,1.57
MLT,2021-09-24,147,71809.727,259.64,885.487,7.75,81.36,1.58
MLT,2021-10-01,154,72007.363,197.64,887.425,1.94,81.46,1.59
MLT,2021-10-08,161,72286.379,279.02,889.363,1.94,82.05,1.62
MLT,2021-10-15,168,72538.268,251.89,889.363,0.00,82.32,1.65
MLT,2021-10-22,175,72724.278,186.01,889.363,0.00,82.58,1.68
MLT,2021-10-29,182,72888.975,164.70,893.238,3.88,82.94,1.7
MLT,2021-11-05,189,73266.809,377.83,895.175,1.94,83.22,1.72
MLT,2021-11-12,196,73855.842,589.03,895.175,0.00,83.4,1.75
MLT,2021-11-19,203,74652.199,796.36,897.113,1.94,83.56,1.79
MLT,2021-11-26,210,75696.57,1044.37,906.801,9.69,83.69,1.83
MLT,2021-12-03,217,77128.463,1431.89,906.801,0.00,83.83,1.88
MLT,2021-12-10,224,78196.086,1067.62,910.676,3.88,84.04,1.91
MLT,2021-12-17,231,79984.499,1788.41,912.614,1.94,84.19,1.95
MLT,2021-12-24,238,86729.316,6744.82,916.489,3.88,84.32,2
MLT,2021-12-31,245,101672.157,14942.84,922.302,5.81,84.46,2.08
NLD,2021-04-30,0,87263.367,,1000.111,,6.59,0.29
NLD,2021-05-07,7,90159.642,2896.28,1008.38,8.27,7.36,0.33
NLD,2021-05-14,14,92677.476,2517.83,1016.124,7.74,9.23,0.38
NLD,2021-05-21,21,94450.307,1772.83,1021.656,5.53,11.25,0.44
NLD,2021-05-28,28,95715.367,1265.06,1026.897,5.24,14.39,0.5
NLD,2021-06-04,35,96770.739,1055.37,1030.333,3.44,17.99,0.56
NLD,2021-06-11,42,97420.768,650.03,1032.953,2.62,22.37,0.63
NLD,2021-06-18,49,97836.767,416.00,1033.885,0.93,26.39,0.73
NLD,2021-06-25,56,98108.238,271.47,1034.933,1.05,30.42,0.81
NLD,2021-07-02,63,98373.886,265.65,1035.806,0.87,34.48,0.89
NLD,2021-07-09,70,99659.968,1286.08,1036.389,0.58,38.34,0.98
NLD,2021-07-16,77,103653.89,3993.92,1037.029,0.64,41.16,1.05
NLD,2021-07-23,84,106932.74,3278.85,1038.019,0.99,46.34,1.11
NLD,2021-07-30,91,108620.846,1688.11,1039.708,1.69,50.21,1.16
NLD,2021-08-06,98,109709.118,1088.27,1041.862,2.15,54.07,1.21
NLD,2021-08-13,105,110665.673,956.55,1044.599,2.74,58.39,1.26
NLD,2021-08-20,112,111645.694,980.02,1047.045,2.45,62.19,1.3
NLD,2021-08-27,119,112700.309,1054.61,1050.015,2.97,63.52,1.32
NLD,2021-09-03,126,113723.945,1023.64,1052.926,2.91,64.72,1.33
NLD,2021-09-10,133,114748.164,1024.22,1055.081,2.15,65.66,1.35
NLD,2021-09-17,140,115606.541,858.38,1057.818,2.74,66.16,1.35
NLD,2021-09-24,147,116316.023,709.48,1060.321,2.50,66.66,1.36
NLD,2021-10-01,154,116988.47,672.45,1062.243,1.92,67.15,1.37
NLD,2021-10-08,161,117819.596,831.13,1063.874,1.63,67.57,1.38
NLD,2021-10-15,168,119068.585,1248.99,1066.086,2.21,67.94,1.38
NLD,2021-10-22,175,120832.565,1763.98,1069.405,3.32,68.3,1.39
NLD,2021-10-29,182,123473.965,2641.40,1074.879,5.47,68.61,1.4
NLD,2021-11-05,189,127071.802,3597.84,1082.624,7.75,68.92,1.4
NLD,2021-11-12,196,132402.525,5330.72,1092.989,10.37,69.21,1.41
NLD,2021-11-19,203,140010.123,7607.60,1104.926,11.94,69.49,1.42
NLD,2021-11-26,210,149069.702,9059.58,1123.385,18.46,69.77,1.42
NLD,2021-12-03,217,157854.898,8785.20,1144.872,21.49,70.11,1.44
NLD,2021-12-10,224,166001.188,8146.29,1169.213,24.34,70.45,1.47
NLD,2021-12-17,231,172175.847,6174.66,1190.525,21.31,70.77,1.5
NLD,2021-12-24,238,177331.703,5155.86,1207.47,16.94,71.03,1.55
NLD,2021-12-31,245,182724.324,5392.62,1222.785,15.32,71.18,1.61
POL,2021-04-30,0,73872.053,,1785.909,,7.6,0.3
POL,2021-05-07,7,74726.169,854.12,1837.315,51.41,9.47,0.35
POL,2021-05-14,14,75376.723,650.55,1886.684,49.37,11.68,0.41
POL,2021-05-21,21,75747.573,370.85,1923.195,36.51,14.31,0.47
POL,2021-05-28,28,75947.694,200.12,1946.107,22.91,17.36,0.52
POL,2021-06-04,35,76048.655,100.96,1960.5,14.39,21.27,0.58
POL,2021-06-11,42,76117.337,68.68,1971.453,10.95,25.08,0.64
POL,2021-06-18,49,76155.938,38.60,1978.517,7.06,29.08,0.69
POL,2021-06-25,56,76182.501,26.56,1983.041,4.52,31.89,0.73
POL,2021-07-02,63,76199.354,16.85,1986.004,2.96,36.29,0.79
POL,2021-07-09,70,76214.25,14.90,1988.306,2.30,39.52,0.83
POL,2021-07-16,77,76229.357,15.11,1989.708,1.40,42.09,0.86
POL,2021-07-23,84,76248.062,18.71,1990.502,0.79,44.66,0.89
POL,2021-07-30,91,76270.233,22.17,1991.137,0.63,46.03,0.91
POL,2021-08-06,98,76296.955,26.72,1991.719,0.58,46.92,0.92
POL,2021-08-13,105,76328.121,31.17,1992.142,0.42,47.79,0.93
POL,2021-08-20,112,76362.965,34.84,1992.618,0.48,48.71,0.95
POL,2021-08-27,119,76401.275,38.31,1993.148,0.53,49.4,0.96
POL,2021-09-03,126,76455.089,53.81,1994.127,0.98,50.01,0.96
POL,2021-09-10,133,76530.995,75.91,1995.317,1.19,50.49,0.97
POL,2021-09-17,140,76635.685,104.69,1996.799,1.48,50.85,0.98
POL,2021-09-24,147,76769.955,134.27,1998.862,2.06,51.24,0.98
POL,2021-10-01,154,76948.753,178.80,2001.905,3.04,51.56,0.99
POL,2021-10-08,161,77224.727,275.97,2006.35,4.44,51.7,1
POL,2021-10-15,168,77620.816,396.09,2012.514,6.16,52.16,1.01
POL,2021-10-22,175,78363.971,743.15,2020.24,7.73,52.37,1.02
POL,2021-10-29,182,79590.814,1226.84,2033.892,13.65,52.78,1.03
POL,2021-11-05,189,81395.825,1805.01,2051.671,17.78,53.03,1.04
POL,2021-11-12,196,84021.721,2625.90,2078.34,26.67,53.27,1.05
POL,2021-11-19,203,87389.105,3367.38,2127.126,48.79,53.57,1.07
POL,2021-11-26,210,91569.86,4180.76,2185.544,58.42,53.82,1.09
POL,2021-12-03,217,95866.127,4296.27,2252.189,66.64,54.24,1.12
POL,2021-12-10,224,100141.175,4275.05,2326.322,74.13,54.67,1.16
POL,2021-12-17,231,103803.794,3662.62,2404.212,77.89,55.07,1.2
POL,2021-12-24,238,106696.193,2892.40,2488.055,83.84,55.35,1.22
POL,2021-12-31,245,108691.563,1995.37,2567.77,79.72,55.68,1.24
PRT,2021-04-30,0,82267.834,,1669.367,,8.89,0.33
PRT,2021-05-07,7,82499.838,232.00,1670.843,1.48,10.46,0.38
PRT,2021-05-14,14,82748.365,248.53,1671.826,0.98,12.11,0.43
PRT,2021-05-21,21,83034.46,286.10,1673.596,1.77,15.42,0.5
PRT,2021-05-28,28,83360.584,326.12,1674.187,0.59,18.15,0.55
PRT,2021-06-04,35,83739.914,379.33,1674.777,0.59,21.69,0.6
PRT,2021-06-11,42,84181.499,441.58,1676.252,1.47,25.24,0.67
PRT,2021-06-18,49,84867.48,685.98,1677.924,1.67,28.41,0.74
PRT,2021-06-25,56,85709.048,841.57,1679.891,1.97,32.03,0.8
PRT,2021-07-02,63,86983.546,1274.50,1682.546,2.65,34.59,0.84
PRT,2021-07-09,70,88758.442,1774.90,1685.89,3.34,40.29,0.94
PRT,2021-07-16,77,90849.134,2090.69,1691.004,5.11,47.64,1.06
PRT,2021-07-23,84,93139.769,2290.63,1697.889,6.88,52.81,1.13
PRT,2021-07-30,91,95008.686,1868.92,1705.756,7.87,58.37,1.19
PRT,2021-08-06,98,96614.028,1605.34,1715.198,9.44,63.66,1.26
PRT,2021-08-13,105,98205.602,1591.57,1724.738,9.54,68.1,1.32
PRT,2021-08-20,112,99787.538,1581.94,1733.097,8.36,71.49,1.38
PRT,2021-08-27,119,101376.751,1589.21,1741.064,7.97,73.98,1.43
PRT,2021-09-03,126,102689.999,1313.25,1747.85,6.79,76.25,1.47
PRT,2021-09-10,133,103605.23,915.23,1754.832,6.98,79.67,1.51
PRT,2021-09-17,140,104291.899,686.67,1759.946,5.11,82.07,1.53
PRT,2021-09-24,147,104803.41,511.51,1765.061,5.12,84.55,1.56
PRT,2021-10-01,154,105230.439,427.03,1768.208,3.15,85.34,1.57
PRT,2021-10-08,161,105637.012,406.57,1772.928,4.72,85.99,1.58
PRT,2021-10-15,168,106091.382,454.37,1777.944,5.02,86.46,1.59
PRT,2021-10-22,175,106575.453,484.07,1782.567,4.62,86.86,1.59
PRT,2021-10-29,182,107099.257,523.80,1785.32,2.75,87.19,1.6
PRT,2021-11-05,189,107724.754,625.50,1789.254,3.93,87.41,1.6
PRT,2021-11-12,196,108595.335,870.58,1793.287,4.03,87.58,1.65
PRT,2021-11-19,203,109899.632,1304.30,1799.778,6.49,87.78,1.65
PRT,2021-11-26,210,111767.762,1868.13,1808.924,9.15,87.78,1.7
PRT,2021-12-03,217,113823.836,2056.07,1818.661,9.74,88.49,1.75
PRT,2021-12-10,224,116546.516,2722.68,1831.839,13.18,88.73,1.8
PRT,2021-12-17,231,119569.552,3023.04,1843.149,11.31,88.98,1.84
PRT,2021-12-24,238,124512.843,4943.29,1853.968,10.82,89.31,1.87
PRT,2021-12-31,245,136669.603,12156.76,1864.196,10.23,89.53,1.91
ROU,2021-04-30,0,55169.259,,1469.539,,10.13,0.27
ROU,2021-05-07,7,55623.258,454.00,1505.612,36.07,11.79,0.3
ROU,2021-05-14,14,55971.234,347.98,1537.712,32.10,14.16,0.34
ROU,2021-05-21,21,56189.555,218.32,1559.303,21.59,16.59,0.38
ROU,2021-05-28,28,56313.982,124.43,1577.497,18.19,18.35,0.4
ROU,2021-06-04,35,56387.278,73.30,1600.395,22.90,20.16,0.42
ROU,2021-06-11,42,56437.833,50.56,1656.283,55.89,21.63,0.44
ROU,2021-06-18,49,56469.724,31.89,1684.043,27.76,22.58,0.45
ROU,2021-06-25,56,56489.695,19.97,1720.587,36.54,23.17,0.46
ROU,2021-07-02,63,56507.365,17.67,1772.188,51.60,23.78,0.47
ROU,2021-07-09,70,56523.781,16.42,1787.819,15.63,24.24,0.48
ROU,2021-07-16,77,56542.863,19.08,1790.59,2.77,24.66,0.48
ROU,2021-07-23,84,56569.944,27.08,1791.427,0.84,25.02,0.49
ROU,2021-07-30,91,56620.97,51.03,1792.054,0.63,25.39,0.49
ROU,2021-08-06,98,56695.364,74.39,1793.466,1.41,25.75,0.5
ROU,2021-08-13,105,56801.806,106.44,1795.139,1.67,26.04,0.5
ROU,2021-08-20,112,56975.637,173.83,1797.805,2.67,26.38,0.5
ROU,2021-08-27,119,57239.808,264.17,1803.137,5.33,26.7,0.51
ROU,2021-09-03,126,57675.196,435.39,1811.502,8.37,26.97,0.51
ROU,2021-09-10,133,58339.309,664.11,1825.304,13.80,27.19,0.52
ROU,2021-09-17,140,59573.326,1234.02,1848.569,23.26,27.43,0.52
ROU,2021-09-24,147,61695.476,2122.15,1887.779,39.21,27.77,0.52
ROU,2021-10-01,154,65065.341,3369.86,1945.339,57.56,28.24,0.54
ROU,2021-10-08,161,69648.519,4583.18,2035.104,89.77,28.79,0.56
ROU,2021-10-15,168,74785.239,5136.72,2150.277,115.17,29.46,0.58
ROU,2021-10-22,175,80246.774,5461.54,2292.165,141.89,30.47,0.61
ROU,2021-10-29,182,85138.039,4891.26,2452.507,160.34,32.57,0.65
ROU,2021-11-05,189,88537.86,3399.82,2618.549,166.04,33.91,0.68
ROU,2021-11-12,196,90720.289,2182.43,2745.38,126.83,35.22,0.71
ROU,2021-11-19,203,91911.802,1191.51,2855.743,110.36,37.21,0.74
ROU,2021-11-26,210,92736.624,824.82,2927.105,71.36,38.41,0.77
ROU,2021-12-03,217,93248.184,511.56,2974.209,47.10,39.15,0.79
ROU,2021-12-10,224,93659.732,411.55,3007.721,33.51,39.8,0.8
ROU,2021-12-17,231,93945.756,286.02,3036.37,28.65,40.3,0.81
ROU,2021-12-24,238,94198.007,252.25,3058.746,22.38,40.64,0.82
ROU,2021-12-31,245,94568.829,370.82,3071.555,12.81,40.87,0.83
SVK,2021-04-30,0,138091.162,,2139.642,,9.21,0.29
SVK,2021-05-07,7,139241.925,1150.76,2187.621,47.98,10.53,0.32
SVK,2021-05-14,14,140069.471,827.55,2228.275,40.65,11.74,0.37
SVK,2021-05-21,21,140648.148,578.68,2248.785,20.51,13.22,0.41
SVK,2021-05-28,28,141063.844,415.70,2258.491,9.71,14.75,0.46
SVK,2021-06-04,35,141392.555,328.71,2267.464,8.97,16.96,0.5
SVK,2021-06-11,42,141636.112,243.56,2276.803,9.34,20.27,0.55
SVK,2021-06-18,49,141775.288,139.18,2285.044,8.24,23.56,0.59
SVK,2021-06-25,56,141869.781,94.49,2289.989,4.95,27.26,0.64
SVK,2021-07-02,63,141939.735,69.95,2291.087,1.10,30.32,0.68
SVK,2021-07-09,70,141986.066,46.33,2292.186,1.10,32.41,0.71
SVK,2021-07-16,77,142034.045,47.98,2293.468,1.28,34.4,0.74
SVK,2021-07-23,84,142092.095,58.05,2295.299,1.83,35.68,0.76
SVK,2021-07-30,91,142171.206,79.11,2295.665,0.37,36.82,0.78
SVK,2021-08-06,98,142264.417,93.21,2296.581,0.92,38.16,0.8
SVK,2021-08-13,105,142365.136,100.72,2297.13,0.55,39.37,0.81
SVK,2021-08-20,112,142504.312,139.18,2297.68,0.55,40.16,0.82
SVK,2021-08-27,119,142679.929,175.62,2297.863,0.18,40.8,0.83
SVK,2021-09-03,126,142964.324,284.39,2298.046,0.18,41.35,0.84
SVK,2021-09-10,133,143563.145,598.82,2299.694,1.65,41.82,0.85
SVK,2021-09-17,140,144475.478,912.33,2301.709,2.01,42.22,0.85
SVK,2021-09-24,147,145843.428,1367.95,2306.287,4.58,42.63,0.86
SVK,2021-10-01,154,147596.309,1752.88,2316.359,10.07,42.93,0.87
SVK,2021-10-08,161,149800.961,2204.65,2329.361,13.00,43.2,0.87
SVK,2021-10-15,168,152444.382,2643.42,2346.941,17.58,43.45,0.87
SVK,2021-10-22,175,156393.857,3949.47,2359.759,12.82,43.71,0.88
SVK,2021-10-29,182,162468.69,6074.83,2380.636,20.88,43.97,0.89
SVK,2021-11-05,189,170513.774,8045.08,2411.035,30.40,44.19,0.91
SVK,2021-11-12,196,180859.285,10345.51,2462.31,51.28,44.46,0.93
SVK,2021-11-19,203,192601.68,11742.39,2523.657,61.35,44.8,0.95
SVK,2021-11-26,210,207153.042,14551.36,2596.175,72.52,45.24,0.98
SVK,2021-12-03,217,221578.047,14425.01,2691.217,95.04,45.58,1.01
SVK,2021-12-10,224,233117.538,11539.49,2790.105,98.89,45.93,1.03
SVK,2021-12-17,231,241025.094,7907.56,2901.263,111.16,46.39,1.07
SVK,2021-12-24,238,246830.55,5805.46,2983.12,81.86,46.86,1.1
SVK,2021-12-31,245,251080.534,4249.98,3046.298,63.18,47.19,1.13
SVN,2021-04-30,0,115595.969,,2044.524,,10.22,0.31
SVN,2021-05-07,7,117937.311,2341.34,2061.362,16.84,12.3,0.36
SVN,2021-05-14,14,119554.169,1616.86,2075.313,13.95,13.9,0.4
SVN,2021-05-21,21,120818.406,1264.24,2091.669,16.36,16.03,0.46
SVN,2021-05-28,28,121776.687,958.28,2102.252,10.58,19.48,0.51
SVN,2021-06-04,35,122658.478,881.79,2109.468,7.22,23.26,0.57
SVN,2021-06-11,42,123260.29,601.81,2115.722,6.25,26.69,0.62
SVN,2021-06-18,49,123571.539,311.25,2121.976,6.25,29.15,0.66
SVN,2021-06-25,56,123734.62,163.08,2124.862,2.89,31.67,0.69
SVN,2021-07-02,63,123817.844,83.22,2125.824,0.96,34.51,0.73
SVN,2021-07-09,70,123971.785,153.94,2127.749,1.92,36.54,0.75
SVN,2021-07-16,77,124166.616,194.83,2128.711,0.96,38.02,0.78
SVN,2021-07-23,84,124367.22,200.60,2129.192,0.48,39.2,0.8
SVN,2021-07-30,91,124633.729,266.51,2130.154,0.96,40.31,0.82
SVN,2021-08-06,98,125033.013,399.28,2131.116,0.96,41.44,0.84
SVN,2021-08-13,105,125590.567,557.55,2132.559,1.44,42.49,0.85
SVN,2021-08-20,112,126473.801,883.23,2134.965,2.41,43.56,0.87
SVN,2021-08-27,119,127820.301,1346.50,2138.813,3.85,44.54,0.89
SVN,2021-09-03,126,129525.675,1705.37,2142.181,3.37,45.37,0.9
SVN,2021-09-10,133,132065.696,2540.02,2148.434,6.25,46.35,0.92
SVN,2021-09-17,140,135509.637,3443.94,2160.942,12.51,47.92,0.96
SVN,2021-09-24,147,138651.951,3142.31,2177.298,16.36,49,0.99
SVN,2021-10-01,154,141594.142,2942.19,2196.06,18.76,49.99,1
SVN,2021-10-08,161,144359.782,2765.64,2213.859,17.80,51.66,1.03
SVN,2021-10-15,168,147236.549,2876.77,2227.81,13.95,52.82,1.04
SVN,2021-10-22,175,152082.793,4846.24,2246.091,18.28,53.41,1.05
SVN,2021-10-29,182,159331.474,7248.68,2275.435,29.34,53.75,1.06
SVN,2021-11-05,189,168370.678,9039.20,2311.996,36.56,54.03,1.09
SVN,2021-11-12,196,179008.459,10637.78,2356.735,44.74,54.36,1.13
SVN,2021-11-19,203,190118.164,11109.70,2415.906,59.17,54.71,1.18
SVN,2021-11-26,210,198999.097,8880.93,2473.634,57.73,55.09,1.21
SVN,2021-12-03,217,205431.411,6432.31,2536.172,62.54,55.64,1.24
SVN,2021-12-10,224,210556.673,5125.26,2590.052,53.88,56.24,1.26
SVN,2021-12-17,231,214798.22,4241.55,2628.537,38.48,56.66,1.28
SVN,2021-12-24,238,218546.675,3748.45,2659.806,31.27,57.07,1.32
SVN,2021-12-31,245,223237.055,4690.38,2688.67,28.86,57.25,1.33
ESP,2021-04-30,0,75389.049,,1673.241,,10.03,0.35
ESP,2021-05-07,7,76316.01,926.96,1685.563,12.32,12.74,0.41
ESP,2021-05-14,14,77115.9,799.89,1697.265,11.70,14.92,0.46
ESP,2021-05-21,21,77793.06,677.16,1703.276,6.01,16.83,0.51
ESP,2021-05-28,28,78482.007,688.95,1709.373,6.10,18.83,0.56
ESP,2021-06-04,35,79109.302,627.29,1715.577,6.20,21.94,0.62
ESP,2021-06-11,42,79871.283,761.98,1722.123,6.55,26.21,0.69
ESP,2021-06-18,49,80381.325,510.04,1725.353,3.23,29.82,0.76
ESP,2021-06-25,56,80916.588,535.26,1728.07,2.72,34,0.83
ESP,2021-07-02,63,82016.273,1099.68,1730.894,2.82,39.5,0.92
ESP,2021-07-09,70,84226.639,2210.37,1732.862,1.97,44.92,1
ESP,2021-07-16,77,87714.269,3487.63,1734.852,1.99,50,1.07
ESP,2021-07-23,84,91569.359,3855.09,1737.526,2.67,54.33,1.14
ESP,2021-07-30,91,95133.681,3564.32,1743.195,5.67,57.62,1.2
ESP,2021-08-06,98,98151.915,3018.23,1754.319,11.12,60.45,1.25
ESP,2021-08-13,105,100406.863,2254.95,1764.245,9.93,63.16,1.3
ESP,2021-08-20,112,102052.229,1645.37,1778.492,14.25,66.52,1.35
ESP,2021-08-27,119,103364.792,1312.56,1796.976,18.48,69.44,1.39
ESP,2021-09-03,126,104347.695,982.90,1813.983,17.01,72.61,1.43
ESP,2021-09-10,133,104983.182,635.49,1824.572,10.59,75.02,1.46
ESP,2021-09-17,140,105455.637,472.46,1835.118,10.55,76.55,1.48
ESP,2021-09-24,147,105820.487,364.85,1844.66,9.54,77.73,1.49
ESP,2021-10-01,154,106131.257,310.77,1849.665,5.00,78.44,1.5
ESP,2021-10-08,161,106398.471,267.21,1856.404,6.74,78.87,1.51
ESP,2021-10-15,168,106628.805,230.33,1860.597,4.19,79.21,1.52
ESP,2021-10-22,175,106914.31,285.51,1863.977,3.38,79.58,1.52
ESP,2021-10-29,182,107201.313,287.00,1869.026,5.05,79.83,1.54
ESP,2021-11-05,189,107511.313,310.00,1871.935,2.91,79.96,1.55
ESP,2021-11-12,196,107971.617,460.30,1875.55,3.62,80.11,1.57
ESP,2021-11-19,203,108688.417,716.80,1878.481,2.93,80.26,1.6
ESP,2021-11-26,210,109765.512,1077.10,1881.583,3.10,80.4,1.63
ESP,2021-12-03,217,111304.621,1539.11,1885.947,4.36,80.55,1.65
ESP,2021-12-10,224,113172.513,1867.89,1890.675,4.73,80.66,1.66
ESP,2021-12-17,231,116707.72,3535.21,1897.692,7.02,80.82,1.77
ESP,2021-12-24,238,122322.841,5615.12,1904.345,6.65,80.93,1.79
ESP,2021-12-31,245,134660.746,12337.91,1912.602,8.26,81.01,1.79
SWE,2021-04-30,0,95825.666,,1382.656,,7.68,0.31
SWE,2021-05-07,7,99190.574,3364.91,1394.958,12.30,7.95,0.35
SWE,2021-05-14,14,102077.733,2887.16,1404.998,10.04,9.09,0.4
SWE,2021-05-21,21,104165.791,2088.06,1413.954,8.96,10.55,0.44
SWE,2021-05-28,28,105163.02,997.23,1422.32,8.37,12.57,0.48
SWE,2021-06-04,35,106106.804,943.78,1429.407,7.09,15.42,0.53
SWE,2021-06-11,42,106637.701,530.90,1434.426,5.02,19.05,0.59
SWE,2021-06-18,49,106753.841,116.14,1434.426,0.00,23.09,0.66
SWE,2021-06-25,56,107173.126,419.29,1438.855,4.43,27.72,0.73
SWE,2021-07-02,63,107368.398,195.27,1440.037,1.18,31.14,0.8
SWE,2021-07-09,70,107531.782,163.38,1441.218,1.18,34.32,0.87
SWE,2021-07-16,77,107703.728,171.95,1441.513,0.29,36.39,0.93
SWE,2021-07-23,84,107950.968,247.24,1442.005,0.49,37.96,0.98
SWE,2021-07-30,91,108269.959,318.99,1442.399,0.39,39.98,1.02
SWE,2021-08-06,98,108712.669,442.71,1442.596,0.20,42.53,1.06
SWE,2021-08-13,105,109264.727,552.06,1442.694,0.10,45.44,1.1
SWE,2021-08-20,112,109898.28,633.55,1443.678,0.98,48.74,1.15
SWE,2021-08-27,119,110570.415,672.13,1445.351,1.67,52.78,1.2
SWE,2021-09-03,126,111270.404,699.99,1446.04,0.69,56.55,1.24
SWE,2021-09-10,133,112007.794,737.39,1447.123,1.08,59.47,1.28
SWE,2021-09-17,140,112693.315,685.52,1454.21,7.09,61.6,1.31
SWE,2021-09-24,147,113128.84,435.52,1458.737,4.53,63.33,1.33
SWE,2021-10-01,154,113546.944,418.10,1463.363,4.63,64.61,1.35
SWE,2021-10-08,161,113957.075,410.13,1467.005,3.64,65.68,1.37
SWE,2021-10-15,168,114361.695,404.62,1472.024,5.02,66.43,1.38
SWE,2021-10-22,175,114761.59,399.89,1475.666,3.64,67.02,1.4
SWE,2021-10-29,182,115304.495,542.90,1478.815,3.15,67.49,1.42
SWE,2021-11-05,189,115853.896,549.40,1481.965,3.15,67.96,1.44
SWE,2021-11-12,196,116383.12,529.22,1484.426,2.46,68.27,1.45
SWE,2021-11-19,203,116999.645,616.53,1487.181,2.76,68.81,1.48
SWE,2021-11-26,210,117995.004,995.36,1490.626,3.44,69.45,1.52
SWE,2021-12-03,217,119303.743,1308.74,1493.087,2.46,70.21,1.56
SWE,2021-12-10,224,120984.032,1680.29,1495.154,2.07,70.91,1.61
SWE,2021-12-17,231,123116.676,2132.64,1499.091,3.94,71.6,1.65
SWE,2021-12-24,238,125324.121,2207.44,1502.437,3.35,72.21,1.7
SWE,2021-12-31,245,129405.849,4081.73,1506.866,4.43,72.65,1.73