ccode,date,dayNum,fullVacPct,dosesPerPerson
AUT,2021-04-30,0,9.68,0.36
AUT,2021-05-07,7,10.87,0.41
AUT,2021-05-14,14,12.13,0.45
AUT,2021-05-21,21,14.17,0.51
AUT,2021-05-28,28,16.57,0.56
AUT,2021-06-04,35,19.81,0.63
AUT,2021-06-11,42,23.76,0.7
AUT,2021-06-18,49,27.79,0.76
AUT,2021-06-25,56,32.17,0.83
AUT,2021-07-02,63,37.04,0.9
AUT,2021-07-09,70,41.31,0.96
AUT,2021-07-16,77,44.98,1
AUT,2021-07-23,84,48.21,1.05
AUT,2021-07-30,91,51.23,1.08
AUT,2021-08-06,98,53.8,1.11
AUT,2021-08-13,105,55.78,1.13
AUT,2021-08-20,112,57.13,1.15
AUT,2021-08-27,119,57.94,1.16
AUT,2021-09-03,126,58.49,1.17
AUT,2021-09-10,133,59,1.18
AUT,2021-09-17,140,59.53,1.19
AUT,2021-09-24,147,60.07,1.21
AUT,2021-10-01,154,60.56,1.22
AUT,2021-10-08,161,61.09,1.23
AUT,2021-10-15,168,61.61,1.25
AUT,2021-10-22,175,62.12,1.27
AUT,2021-10-29,182,62.58,1.28
AUT,2021-11-05,189,63.08,1.31
AUT,2021-11-12,196,63.77,1.36
AUT,2021-11-19,203,64.7,1.43
AUT,2021-11-26,210,65.73,1.51
AUT,2021-12-03,217,66.98,1.6
AUT,2021-12-10,224,68.37,1.67
AUT,2021-12-17,231,69.83,1.75
AUT,2021-12-24,238,70.91,1.79
AUT,2021-12-31,245,71.66,1.82
BEL,2021-04-30,0,7.54,0.34
BEL,2021-05-07,7,9.74,0.4
BEL,2021-05-14,14,11.84,0.45
BEL,2021-05-21,21,14.71,0.52
BEL,2021-05-28,28,18.2,0.57
BEL,2021-06-04,35,21.88,0.65
BEL,2021-06-11,42,26.67,0.74
BEL,2021-06-18,49,30.53,0.83
BEL,2021-06-25,56,33.18,0.91
BEL,2021-07-02,63,35.94,0.97
BEL,2021-07-09,70,41.32,1.04
BEL,2021-07-16,77,47.26,1.12
BEL,2021-07-23,84,53.24,1.19
BEL,2021-07-30,91,58.91,1.26
BEL,2021-08-06,98,63.28,1.31
BEL,2021-08-13,105,66.15,1.35
BEL,2021-08-20,112,67.94,1.37
BEL,2021-08-27,119,69.61,1.39
BEL,2021-09-03,126,70.74,1.41
BEL,2021-09-10,133,71.32,1.41
BEL,2021-09-17,140,71.8,1.42
BEL,2021-09-24,147,72.25,1.43
BEL,2021-10-01,154,72.75,1.45
BEL,2021-10-08,161,73.04,1.47
BEL,2021-10-15,168,73.36,1.48
BEL,2021-10-22,175,73.62,1.5
BEL,2021-10-29,182,73.9,1.51
BEL,2021-11-05,189,74.11,1.52
BEL,2021-11-12,196,74.32,1.54
BEL,2021-11-19,203,74.57,1.56
BEL,2021-11-26,210,74.8,1.61
BEL,2021-12-03,217,75.01,1.66
BEL,2021-12-10,224,75.22,1.71
BEL,2021-12-17,231,75.43,1.77
BEL,2021-12-24,238,75.61,1.83
BEL,2021-12-31,245,75.67,1.86
BGR,2021-04-30,0,3.09,0.12
BGR,2021-05-07,7,4.12,0.13
BGR,2021-05-14,14,5.94,0.16
BGR,2021-05-21,21,7.17,0.18
BGR,2021-05-28,28,7.89,0.19
BGR,2021-06-04,35,8.93,0.21
BGR,2021-06-11,42,10.07,0.23
BGR,2021-06-18,49,10.81,0.24
BGR,2021-06-25,56,11.36,0.25
BGR,2021-07-02,63,11.87,0.26
BGR,2021-07-09,70,12.28,0.27
BGR,2021-07-16,77,12.36,0.27
BGR,2021-07-23,84,12.36,0.27
BGR,2021-07-30,91,14.47,0.29
BGR,2021-08-06,98,15,0.3
BGR,2021-08-13,105,15.51,0.31
BGR,2021-08-20,112,16.09,0.32
BGR,2021-08-27,119,16.71,0.33
BGR,2021-09-03,126,17.34,0.34
BGR,2021-09-10,133,17.88,0.35
BGR,2021-09-17,140,18.45,0.36
BGR,2021-09-24,147,18.94,0.36
BGR,2021-10-01,154,19.36,0.37
BGR,2021-10-08,161,19.71,0.37
BGR,2021-10-15,168,20.05,0.38
BGR,2021-10-22,175,20.74,0.39
BGR,2021-10-29,182,21.81,0.41
BGR,2021-11-05,189,22.61,0.43
BGR,2021-11-12,196,23.42,0.44
BGR,2021-11-19,203,24.46,0.46
BGR,2021-11-26,210,25.36,0.48
BGR,2021-12-03,217,26.07,0.49
BGR,2021-12-10,224,26.62,0.51
BGR,2021-12-17,231,27.1,0.52
BGR,2021-12-24,238,27.51,0.53
BGR,2021-12-31,245,27.77,0.54
HRV,2021-04-30,0,4.87,0.22
HRV,2021-05-07,7,5.96,0.26
HRV,2021-05-14,14,7.37,0.32
HRV,2021-05-21,21,9.6,0.38
HRV,2021-05-28,28,11.46,0.42
HRV,2021-06-04,35,13.62,0.46
HRV,2021-06-11,42,16.79,0.51
HRV,2021-06-18,49,21.45,0.57
HRV,2021-06-25,56,25.24,0.61
HRV,2021-07-02,63,27.74,0.65
HRV,2021-07-09,70,30.59,0.68
HRV,2021-07-16,77,32.39,0.71
HRV,2021-07-23,84,33.81,0.73
HRV,2021-07-30,91,34.92,0.75
HRV,2021-08-06,98,37.07,0.76
HRV,2021-08-13,105,37.89,0.78
HRV,2021-08-20,112,38.62,0.79
HRV,2021-08-27,119,39.31,0.8
HRV,2021-09-03,126,39.89,0.81
HRV,2021-09-10,133,40.02,0.82
HRV,2021-09-17,140,40.02,0.82
HRV,2021-09-24,147,40.02,0.83
HRV,2021-10-01,154,40.02,0.84
HRV,2021-10-08,161,40.02,0.85
HRV,2021-10-15,168,42.94,0.86
HRV,2021-10-22,175,43.42,0.87
HRV,2021-10-29,182,43.98,0.88
HRV,2021-11-05,189,44.5,0.9
HRV,2021-11-12,196,45.36,0.94
HRV,2021-11-19,203,46.3,0.97
HRV,2021-11-26,210,47.15,1
HRV,2021-12-03,217,47.33,1.03
HRV,2021-12-10,224,47.33,1.07
HRV,2021-12-17,231,47.33,1.11
HRV,2021-12-24,238,47.33,1.14
HRV,2021-12-31,245,47.86,1.16
CYP,2021-04-30,0,6.72,0.26
CYP,2021-05-07,7,8.89,0.37
CYP,2021-05-14,14,11.63,0.47
CYP,2021-05-21,21,16.48,0.56
CYP,2021-05-28,28,21.32,0.64
CYP,2021-06-04,35,26.51,0.71
CYP,2021-06-11,42,29.89,0.77
CYP,2021-06-18,49,33.06,0.83
CYP,2021-06-25,56,36.17,0.87
CYP,2021-07-02,63,40.65,0.93
CYP,2021-07-09,70,45.19,0.99
CYP,2021-07-16,77,46.99,1.02
CYP,2021-07-23,84,48.69,1.06
CYP,2021-07-30,91,50.17,1.09
CYP,2021-08-06,98,52.43,1.13
CYP,2021-08-13,105,54.77,1.17
CYP,2021-08-20,112,56.26,1.19
CYP,2021-08-27,119,57.48,1.21
CYP,2021-09-03,126,58.82,1.23
CYP,2021-09-10,133,59.49,1.25
CYP,2021-09-17,140,60.33,1.26
CYP,2021-09-24,147,61.13,1.28
CYP,2021-10-01,154,61.91,1.3
CYP,2021-10-08,161,62.51,1.31
CYP,2021-10-15,168,62.97,1.33
CYP,2021-10-22,175,63.26,1.34
CYP,2021-10-29,182,63.51,1.35
CYP,2021-11-05,189,63.83,1.37
CYP,2021-11-12,196,64.1,1.38
CYP,2021-11-19,203,64.34,1.4
CYP,2021-11-26,210,64.91,1.45
CYP,2021-12-03,217,65.3,1.49
CYP,2021-12-10,224,65.88,1.55
CYP,2021-12-17,231,66.63,1.61
CYP,2021-12-24,238,67.84,1.72
CYP,2021-12-31,245,67.84,1.72
CZE,2021-04-30,0,9.51,0.3
CZE,2021-05-07,7,9.97,0.34
CZE,2021-05-14,14,10.39,0.39
CZE,2021-05-21,21,11.26,0.43
CZE,2021-05-28,28,13.32,0.49
CZE,2021-06-04,35,16.12,0.54
CZE,2021-06-11,42,19.38,0.61
CZE,2021-06-18,49,23.37,0.67
CZE,2021-06-25,56,27.8,0.73
CZE,2021-07-02,63,32.47,0.8
CZE,2021-07-09,70,35.5,0.84
CZE,2021-07-16,77,39.24,0.89
CZE,2021-07-23,84,42.67,0.93
CZE,2021-07-30,91,45.24,0.97
CZE,2021-08-06,98,47.4,1
CZE,2021-08-13,105,49.63,1.02
CZE,2021-08-20,112,51.49,1.05
CZE,2021-08-27,119,53.14,1.07
CZE,2021-09-03,126,54.05,1.08
CZE,2021-09-10,133,54.63,1.09
CZE,2021-09-17,140,55.1,1.09
CZE,2021-09-24,147,55.49,1.1
CZE,2021-10-01,154,55.8,1.11
CZE,2021-10-08,161,56.08,1.11
CZE,2021-10-15,168,56.33,1.12
CZE,2021-10-22,175,56.56,1.13
CZE,2021-10-29,182,56.87,1.14
CZE,2021-11-05,189,57.32,1.17
CZE,2021-11-12,196,57.78,1.19
CZE,2021-11-19,203,58.35,1.22
CZE,2021-11-26,210,59.16,1.25
CZE,2021-12-03,217,59.85,1.29
CZE,2021-12-10,224,60.47,1.34
CZE,2021-12-17,231,61.23,1.39
CZE,2021-12-24,238,61.72,1.42
CZE,2021-12-31,245,62.03,1.44
DNK,2021-04-30,0,10.8,0.33
DNK,2021-05-07,7,13.71,0.39
DNK,2021-05-14,14,16.93,0.45
DNK,2021-05-21,21,19.65,0.51
DNK,2021-05-28,28,20.94,0.57
DNK,2021-06-04,35,22.78,0.62
DNK,2021-06-11,42,25,0.71
DNK,2021-06-18,49,27.43,0.76
DNK,2021-06-25,56,30.65,0.86
DNK,2021-07-02,63,34.89,0.93
DNK,2021-07-09,70,39.32,1.01
DNK,2021-07-16,77,44.3,1.09
DNK,2021-07-23,84,49.84,1.19
DNK,2021-07-30,91,54.3,1.26
DNK,2021-08-06,98,58.56,1.32
DNK,2021-08-13,105,64.19,1.38
DNK,2021-08-20,112,68.44,1.43
DNK,2021-08-27,119,71.07,1.46
DNK,2021-09-03,126,72.67,1.48
DNK,2021-09-10,133,73.55,1.49
DNK,2021-09-17,140,74.21,1.51
DNK,2021-09-24,147,74.7,1.52
DNK,2021-10-01,154,75.05,1.52
DNK,2021-10-08,161,75.27,1.53
DNK,2021-10-15,168,75.47,1.54
DNK,2021-10-22,175,75.62,1.55
DNK,2021-10-29,182,75.78,1.57
DNK,2021-11-05,189,75.92,1.59
DNK,2021-11-12,196,76.08,1.61
DNK,2021-11-19,203,76.27,1.63
DNK,2021-11-26,210,76.47,1.67
DNK,2021-12-03,217,76.79,1.71
DNK,2021-12-10,224,77.22,1.76
DNK,2021-12-17,231,77.61,1.88
DNK,2021-12-24,238,78.01,2.02
DNK,2021-12-31,245,78.7,2.09
EST,2021-04-30,0,9.86,0.35
EST,2021-05-07,7,12.47,0.39
EST,2021-05-14,14,14.4,0.43
EST,2021-05-21,21,16.7,0.48
EST,2021-05-28,28,19.34,0.52
EST,2021-06-04,35,21.77,0.57
EST,2021-06-11,42,25.31,0.62
EST,2021-06-18,49,29.43,0.67
EST,2021-06-25,56,31.3,0.7
EST,2021-07-02,63,34.21,0.73
EST,2021-07-09,70,36.75,0.77
EST,2021-07-16,77,38.95,0.8
EST,2021-07-23,84,40.99,0.83
EST,2021-07-30,91,42.45,0.85
EST,2021-08-06,98,43.76,0.88
EST,2021-08-13,105,45.05,0.91
EST,2021-08-20,112,46.26,0.93
EST,2021-08-27,119,47.29,0.95
EST,2021-09-03,126,48.53,0.97
EST,2021-09-10,133,49.88,0.98
EST,2021-09-17,140,51.36,1
EST,2021-09-24,147,52.92,1.02
EST,2021-10-01,154,54.09,1.03
EST,2021-10-08,161,54.89,1.04
EST,2021-10-15,168,55.65,1.05
EST,2021-10-22,175,56.42,1.06
EST,2021-10-29,182,57.24,1.08
EST,2021-11-05,189,57.89,1.09
EST,2021-11-12,196,58.35,1.1
EST,2021-11-19,203,58.77,1.11
EST,2021-11-26,210,59.25,1.11
EST,2021-12-03,217,59.77,1.12
EST,2021-12-10,224,60.4,1.13
EST,2021-12-17,231,61,1.14
EST,2021-12-24,238,61.37,1.14
EST,2021-12-31,245,61.64,1.15
FIN,2021-04-30,0,2.89,0.31
FIN,2021-05-07,7,3.21,0.35
FIN,2021-05-14,14,3.91,0.39
FIN,2021-05-21,21,5.21,0.43
FIN,2021-05-28,28,6.93,0.48
FIN,2021-06-04,35,8.92,0.53
FIN,2021-06-11,42,11.12,0.59
FIN,2021-06-18,49,13.37,0.65
FIN,2021-06-25,56,15.52,0.71
FIN,2021-07-02,63,17.81,0.76
FIN,2021-07-09,70,20.95,0.82
FIN,2021-07-16,77,24.66,0.88
FIN,2021-07-23,84,28.01,0.92
FIN,2021-07-30,91,31.72,0.97
FIN,2021-08-06,98,35.49,1.02
FIN,2021-08-13,105,39.08,1.07
FIN,2021-08-20,112,42.97,1.13
FIN,2021-08-27,119,46.7,1.18
FIN,2021-09-03,126,50.12,1.23
FIN,2021-09-10,133,53.71,1.27
FIN,2021-09-17,140,56.9,1.31
FIN,2021-09-24,147,59.12,1.33
FIN,2021-10-01,154,61.37,1.36
FIN,2021-10-08,161,63.55,1.39
FIN,2021-10-15,168,65.41,1.41
FIN,2021-10-22,175,67.16,1.44
FIN,2021-10-29,182,68.58,1.46
FIN,2021-11-05,189,70.05,1.48
FIN,2021-11-12,196,71.03,1.5
FIN,2021-11-19,203,71.73,1.51
FIN,2021-11-26,210,72.22,1.53
FIN,2021-12-03,217,72.7,1.55
FIN,2021-12-10,224,73.2,1.58
FIN,2021-12-17,231,73.63,1.61
FIN,2021-12-24,238,74.32,1.7
FIN,2021-12-31,245,74.5,1.73
FRA,2021-04-30,0,9.64,0.33
FRA,2021-05-07,7,11.5,0.38
FRA,2021-05-14,14,13.13,0.43
FRA,2021-05-21,21,14.53,0.49
FRA,2021-05-28,28,16.08,0.54
FRA,2021-06-04,35,18.35,0.6
FRA,2021-06-11,42,21.01,0.66
FRA,2021-06-18,49,24.35,0.72
FRA,2021-06-25,56,28.3,0.78
FRA,2021-07-02,63,32.73,0.84
FRA,2021-07-09,70,36.91,0.9
FRA,2021-07-16,77,40.88,0.96
FRA,2021-07-23,84,44.78,1.03
FRA,2021-07-30,91,47.65,1.1
FRA,2021-08-06,98,49.85,1.15
FRA,2021-08-13,105,52.27,1.2
FRA,2021-08-20,112,55.16,1.25
FRA,2021-08-27,119,58.36,1.29
FRA,2021-09-03,126,61.07,1.33
FRA,2021-09-10,133,62.86,1.36
FRA,2021-09-17,140,64.19,1.38
FRA,2021-09-24,147,65.26,1.4
FRA,2021-10-01,154,66.08,1.42
FRA,2021-10-08,161,66.74,1.43
FRA,2021-10-15,168,67.27,1.45
FRA,2021-10-22,175,67.7,1.46
FRA,2021-10-29,182,68.07,1.48
FRA,2021-11-05,189,68.39,1.49
FRA,2021-11-12,196,68.75,1.5
FRA,2021-11-19,203,69.17,1.53
FRA,2021-11-26,210,69.63,1.56
FRA,2021-12-03,217,70.28,1.6
FRA,2021-12-10,224,71.11,1.67
FRA,2021-12-17,231,72.11,1.74
FRA,2021-12-24,238,72.9,1.8
FRA,2021-12-31,245,73.48,1.84
DEU,2021-04-30,0,7.83,0.36
DEU,2021-05-07,7,9.16,0.41
DEU,2021-05-14,14,10.95,0.47
DEU,2021-05-21,21,13.72,0.53
DEU,2021-05-28,28,17.16,0.59
DEU,2021-06-04,35,20.83,0.65
DEU,2021-06-11,42,25.77,0.72
DEU,2021-06-18,49,30.53,0.79
DEU,2021-06-25,56,34.81,0.86
DEU,2021-07-02,63,38.36,0.92
DEU,2021-07-09,70,41.99,0.98
DEU,2021-07-16,77,45.8,1.03
DEU,2021-07-23,84,49,1.07
DEU,2021-07-30,91,51.89,1.11
DEU,2021-08-06,98,54.43,1.14
DEU,2021-08-13,105,56.79,1.17
DEU,2021-08-20,112,58.53,1.19
DEU,2021-08-27,119,59.79,1.21
DEU,2021-09-03,126,60.8,1.23
DEU,2021-09-10,133,61.66,1.24
DEU,2021-09-17,140,62.57,1.26
DEU,2021-09-24,147,63.46,1.28
DEU,2021-10-01,154,64.2,1.29
DEU,2021-10-08,161,64.74,1.3
DEU,2021-10-15,168,65.25,1.31
DEU,2021-10-22,175,65.71,1.32
DEU,2021-10-29,182,66.18,1.34
DEU,2021-11-05,189,66.57,1.35
DEU,2021-11-12,196,66.99,1.37
DEU,2021-11-19,203,67.41,1.4
DEU,2021-11-26,210,67.88,1.45
DEU,2021-12-03,217,68.4,1.52
DEU,2021-12-10,224,68.94,1.6
DEU,2021-12-17,231,69.63,1.69
DEU,2021-12-24,238,70.25,1.75
DEU,2021-12-31,245,70.59,1.79
GRC,2021-04-30,0,9.1,0.3
GRC,2021-05-07,7,11.17,0.34
GRC,2021-05-14,14,14.56,0.4
GRC,2021-05-21,21,17.06,0.46
GRC,2021-05-28,28,18.97,0.52
GRC,2021-06-04,35,21.73,0.58
GRC,2021-06-11,42,25.65,0.64
GRC,2021-06-18,49,29.98,0.71
GRC,2021-06-25,56,33.37,0.76
GRC,2021-07-02,63,37.39,0.83
GRC,2021-07-09,70,40.52,0.88
GRC,2021-07-16,77,43.72,0.93
GRC,2021-07-23,84,46.58,0.97
GRC,2021-07-30,91,49.35,1.01
GRC,2021-08-06,98,51.35,1.04
GRC,2021-08-13,105,52.92,1.06
GRC,2021-08-20,112,53.97,1.07
GRC,2021-08-27,119,54.94,1.09
GRC,2021-09-03,126,55.6,1.11
GRC,2021-09-10,133,56.24,1.12
GRC,2021-09-17,140,57.09,1.14
GRC,2021-09-24,147,58.17,1.16
GRC,2021-10-01,154,59.21,1.17
GRC,2021-10-08,161,60.07,1.18
GRC,2021-10-15,168,60.66,1.19
GRC,2021-10-22,175,61.08,1.21
GRC,2021-10-29,182,61.38,1.22
GRC,2021-11-05,189,61.8,1.24
GRC,2021-11-12,196,62.24,1.27
GRC,2021-11-19,203,62.7,1.31
GRC,2021-11-26,210,63.32,1.35
GRC,2021-12-03,217,64.07,1.41
GRC,2021-12-10,224,65,1.48
GRC,2021-12-17,231,65.94,1.55
GRC,2021-12-24,238,66.77,1.62
GRC,2021-12-31,245,67.61,1.67
HUN,2021-04-30,0,20.23,0.62
HUN,2021-05-07,7,25.46,0.7
HUN,2021-05-14,14,27.58,0.75
HUN,2021-05-21,21,30.8,0.82
HUN,2021-05-28,28,36.74,0.9
HUN,2021-06-04,35,39.59,0.94
HUN,2021-06-11,42,43.16,0.96
HUN,2021-06-18,49,45.26,0.96
HUN,2021-06-25,56,49.08,0.96
HUN,2021-07-02,63,51.04,0.96
HUN,2021-07-09,70,53.21,0.96
HUN,2021-07-16,77,54.69,0.96
HUN,2021-07-23,84,55.3,0.96
HUN,2021-07-30,91,56.35,0.96
HUN,2021-08-06,98,56.88,0.96
HUN,2021-08-13,105,57.07,0.96
HUN,2021-08-20,112,57.11,0.96
HUN,2021-08-27,119,57.14,0.96
HUN,2021-09-03,126,57.21,0.96
HUN,2021-09-10,133,57.52,0.96
HUN,2021-09-17,140,57.76,0.96
HUN,2021-09-24,147,58.29,0.96
HUN,2021-10-01,154,58.66,1.26
HUN,2021-10-08,161,58.9,1.26
HUN,2021-10-15,168,59.11,1.26
HUN,2021-10-22,175,59.32,1.3
HUN,2021-10-29,182,59.49,1.31
HUN,2021-11-05,189,59.67,1.32
HUN,2021-11-12,196,59.88,1.35
HUN,2021-11-19,203,60.09,1.37
HUN,2021-11-26,210,60.45,1.41
HUN,2021-12-03,217,60.81,1.48
HUN,2021-12-10,224,61.07,1.52
HUN,2021-12-17,231,61.48,1.52
HUN,2021-12-24,238,61.84,1.56
HUN,2021-12-31,245,62.09,1.56
IRL,2021-04-30,0,9.62,0.34
IRL,2021-05-07,7,10.79,0.38
IRL,2021-05-14,14,12.95,0.45
IRL,2021-05-21,21,15.3,0.52
IRL,2021-05-28,28,18.46,0.58
IRL,2021-06-04,35,20.86,0.63
IRL,2021-06-11,42,23.4,0.69
IRL,2021-06-18,49,28.75,0.76
IRL,2021-06-25,56,34.16,0.84
IRL,2021-07-02,63,39.21,0.91
IRL,2021-07-09,70,45.21,0.99
IRL,2021-07-16,77,50.09,1.07
IRL,2021-07-23,84,53.29,1.13
IRL,2021-07-30,91,56.49,1.19
IRL,2021-08-06,98,59.21,1.24
IRL,2021-08-13,105,62.56,1.29
IRL,2021-08-20,112,65.32,1.33
IRL,2021-08-27,119,67.67,1.37
IRL,2021-09-03,126,69.38,1.4
IRL,2021-09-10,133,71.11,1.42
IRL,2021-09-17,140,72.72,1.44
IRL,2021-09-24,147,73.76,1.45
IRL,2021-10-01,154,74.42,1.46
IRL,2021-10-08,161,74.77,1.48
IRL,2021-10-15,168,75.06,1.49
IRL,2021-10-22,175,75.33,1.51
IRL,2021-10-29,182,75.53,1.52
IRL,2021-11-05,189,75.66,1.53
IRL,2021-11-12,196,75.8,1.56
IRL,2021-11-19,203,75.99,1.6
IRL,2021-11-26,210,76.25,1.64
IRL,2021-12-03,217,76.46,1.69
IRL,2021-12-10,224,76.65,1.74
IRL,2021-12-17,231,76.83,1.8
IRL,2021-12-24,238,76.97,1.91
IRL,2021-12-31,245,77.07,1.95
ITA,2021-04-30,0,10.03,0.34
ITA,2021-05-07,7,11.9,0.39
ITA,2021-05-14,14,13.95,0.45
ITA,2021-05-21,21,16.43,0.5
ITA,2021-05-28,28,19.34,0.56
ITA,2021-06-04,35,21.42,0.62
ITA,2021-06-11,42,23.24,0.69
ITA,2021-06-18,49,25.66,0.75
ITA,2021-06-25,56,28.98,0.82
ITA,2021-07-02,63,32.58,0.88
ITA,2021-07-09,70,37.15,0.94
ITA,2021-07-16,77,42.59,1.01
ITA,2021-07-23,84,47.69,1.07
ITA,2021-07-30,91,51.98,1.13
ITA,2021-08-06,98,55.19,1.18
ITA,2021-08-13,105,57.24,1.22
ITA,2021-08-20,112,58.35,1.25
ITA,2021-08-27,119,59.94,1.28
ITA,2021-09-03,126,61.84,1.31
ITA,2021-09-10,133,63.72,1.34
ITA,2021-09-17,140,65.41,1.36
ITA,2021-09-24,147,66.98,1.39
ITA,2021-10-01,154,68.17,1.41
ITA,2021-10-08,161,68.97,1.43
ITA,2021-10-15,168,69.86,1.45
ITA,2021-10-22,175,70.69,1.47
ITA,2021-10-29,182,71.32,1.49
ITA,2021-11-05,189,71.87,1.5
ITA,2021-11-12,196,72.34,1.53
ITA,2021-11-19,203,72.67,1.55
ITA,2021-11-26,210,72.9,1.58
ITA,2021-12-03,217,73.12,1.63
ITA,2021-12-10,224,73.35,1.68
ITA,2021-12-17,231,73.59,1.74
ITA,2021-12-24,238,73.84,1.79
ITA,2021-12-31,245,74.1,1.84
LVA,2021-04-30,0,2.97,0.17
LVA,2021-05-07,7,4.34,0.21
LVA,2021-05-14,14,6.35,0.27
LVA,2021-05-21,21,9.54,0.33
LVA,2021-05-28,28,13.78,0.39
LVA,2021-06-04,35,18.37,0.46
LVA,2021-06-11,42,22.49,0.51
LVA,2021-06-18,49,25.63,0.55
LVA,2021-06-25,56,27.31,0.57
LVA,2021-07-02,63,30.47,0.61
LVA,2021-07-09,70,32.73,0.64
LVA,2021-07-16,77,34.14,0.67
LVA,2021-07-23,84,35.35,0.69
LVA,2021-07-30,91,36.47,0.71
LVA,2021-08-06,98,37.45,0.72
LVA,2021-08-13,105,38.4,0.74
LVA,2021-08-20,112,39.36,0.76
LVA,2021-08-27,119,40.32,0.78
LVA,2021-09-03,126,41.26,0.8
LVA,2021-09-10,133,42.19,0.82
LVA,2021-09-17,140,43.16,0.84
LVA,2021-09-24,147,44.46,0.86
LVA,2021-10-01,154,46.14,0.88
LVA,2021-10-08,161,47.67,0.91
LVA,2021-10-15,168,49.82,0.95
LVA,2021-10-22,175,51.98,1
LVA,2021-10-29,182,53.96,1.04
LVA,2021-11-05,189,56.53,1.09
LVA,2021-11-12,196,59.4,1.13
LVA,2021-11-19,203,61.02,1.17
LVA,2021-11-26,210,63.09,1.2
LVA,2021-12-03,217,64.63,1.24
LVA,2021-12-10,224,65.76,1.28
LVA,2021-12-17,231,66.59,1.32
LVA,2021-12-24,238,67.16,1.34
LVA,2021-12-31,245,67.61,1.37
LTU,2021-04-30,0,11.19,0.37
LTU,2021-05-07,7,14.49,0.43
LTU,2021-05-14,14,16.7,0.49
LTU,2021-05-21,21,19.36,0.54
LTU,2021-05-28,28,22.01,0.59
LTU,2021-06-04,35,25.58,0.66
LTU,2021-06-11,42,28.88,0.71
LTU,2021-06-18,49,32.78,0.76
LTU,2021-06-25,56,36.48,0.8
LTU,2021-07-02,63,40.24,0.85
LTU,2021-07-09,70,42.29,0.88
LTU,2021-07-16,77,43.83,0.9
LTU,2021-07-23,84,45.1,0.92
LTU,2021-07-30,91,46.33,0.96
LTU,2021-08-06,98,48.4,1
LTU,2021-08-13,105,50.86,1.03
LTU,2021-08-20,112,53.55,1.07
LTU,2021-08-27,119,55.66,1.11
LTU,2021-09-03,126,57.21,1.13
LTU,2021-09-10,133,58.48,1.15
LTU,2021-09-17,140,59.52,1.17
LTU,2021-09-24,147,60.45,1.19
LTU,2021-10-01,154,61.4,1.2
LTU,2021-10-08,161,62.26,1.22
LTU,2021-10-15,168,62.96,1.23
LTU,2021-10-22,175,63.55,1.25
LTU,2021-10-29,182,64.13,1.26
LTU,2021-11-05,189,64.54,1.28
LTU,2021-11-12,196,65.04,1.3
LTU,2021-11-19,203,65.58,1.33
LTU,2021-11-26,210,66.04,1.36
LTU,2021-12-03,217,66.59,1.4
LTU,2021-12-10,224,67.08,1.44
LTU,2021-12-17,231,67.5,1.47
LTU,2021-12-24,238,67.81,1.5
LTU,2021-12-31,245,68.11,1.54
LUX,2021-04-30,0,5.97,0.31
LUX,2021-05-07,7,5.97,0.37
LUX,2021-05-14,14,5.97,0.44
LUX,2021-05-21,21,5.97,0.5
LUX,2021-05-28,28,5.97,0.54
LUX,2021-06-04,35,5.97,0.6
LUX,2021-06-11,42,5.97,0.68
LUX,2021-06-18,49,5.97,0.75
LUX,2021-06-25,56,5.97,0.82
LUX,2021-07-02,63,5.97,0.9
LUX,2021-07-09,70,5.97,0.96
LUX,2021-07-16,77,5.97,1.02
LUX,2021-07-23,84,5.97,1.07
LUX,2021-07-30,91,5.97,1.11
LUX,2021-08-06,98,5.97,1.15
LUX,2021-08-13,105,5.97,1.17
LUX,2021-08-20,112,5.97,1.19
LUX,2021-08-27,119,5.97,1.2
LUX,2021-09-03,126,5.97,1.21
LUX,2021-09-10,133,5.97,1.22
LUX,2021-09-17,140,5.97,1.23
LUX,2021-09-24,147,5.97,1.23
LUX,2021-10-01,154,5.97,1.25
LUX,2021-10-08,161,5.97,1.26
LUX,2021-10-15,168,5.97,1.27
LUX,2021-10-22,175,5.97,1.28
LUX,2021-10-29,182,5.97,1.31
LUX,2021-11-05,189,5.97,1.33
LUX,2021-11-12,196,5.97,1.35
LUX,2021-11-19,203,5.97,1.38
LUX,2021-11-26,210,5.97,1.42
LUX,2021-12-03,217,67.69,1.47
LUX,2021-12-10,224,67.69,1.53
LUX,2021-12-17,231,67.69,1.59
LUX,2021-12-24,238,67.69,1.65
LUX,2021-12-31,245,67.69,1.7
MLT,2021-04-30,0,20.74,0.65
MLT,2021-05-07,7,22.9,0.72
MLT,2021-05-14,14,26.54,0.8
MLT,2021-05-21,21,32.78,0.89
MLT,2021-05-28,28,39.29,0.99
MLT,2021-06-04,35,44.68,1.06
MLT,2021-06-11,42,49.62,1.13
MLT,2021-06-18,49,54.78,1.2
MLT,2021-06-25,56,59.6,1.26
MLT,2021-07-02,63,64.45,1.32
MLT,2021-07-09,70,67.65,1.36
MLT,2021-07-16,77,68.96,1.4
MLT,2021-07-23,84,71.42,1.44
MLT,2021-07-30,91,73.81,1.47
MLT,2021-08-06,98,76.46,1.5
MLT,2021-08-13,105,78.32,1.52
MLT,2021-08-20,112,79.23,1.53
MLT,2021-08-27,119,79.79,1.54
MLT,2021-09-03,126,80.14,1.55
MLT,2021-09-10,133,80.62,1.56
MLT,2021-09-17,140,81,1.57
MLT,2021-09-24,147,81.36,1.58
MLT,2021-10-01,154,81.46,1.59
MLT,2021-10-08,161,82.05,1.62
MLT,2021-10-15,168,82.32,1.65
MLT,2021-10-22,175,82.58,1.68
MLT,2021-10-29,182,82.94,1.7
MLT,2021-11-05,189,83.22,1.72
MLT,2021-11-12,196,83.4,1.75
MLT,2021-11-19,203,83.56,1.79
MLT,2021-11-26,210,83.69,1.83
MLT,2021-12-03,217,83.83,1.88
MLT,2021-12-10,224,84.04,1.91
MLT,2021-12-17,231,84.19,1.95
MLT,2021-12-24,238,84.32,2
MLT,2021-12-31,245,84.46,2.08
NLD,2021-04-30,0,6.59,0.29
NLD,2021-05-07,7,7.36,0.33
NLD,2021-05-14,14,9.23,0.38
NLD,2021-05-21,21,11.25,0.44
NLD,2021-05-28,28,14.39,0.5
NLD,2021-06-04,35,17.99,0.56
NLD,2021-06-11,42,22.37,0.63
NLD,2021-06-18,49,26.39,0.73
NLD,2021-06-25,56,30.42,0.81
NLD,2021-07-02,63,34.48,0.89
NLD,2021-07-09,70,38.34,0.98
NLD,2021-07-16,77,41.16,1.05
NLD,2021-07-23,84,46.34,1.11
NLD,2021-07-30,91,50.21,1.16
NLD,2021-08-06,98,54.07,1.21
NLD,2021-08-13,105,58.39,1.26
NLD,2021-08-20,112,62.19,1.3
NLD,2021-08-27,119,63.52,1.32
NLD,2021-09-03,126,64.72,1.33
NLD,2021-09-10,133,65.66,1.35
NLD,2021-09-17,140,66.16,1.35
NLD,2021-09-24,147,66.66,1.36
NLD,2021-10-01,154,67.15,1.37
NLD,2021-10-08,161,67.57,1.38
NLD,2021-10-15,168,67.94,1.38
NLD,2021-10-22,175,68.3,1.39
NLD,2021-10-29,182,68.61,1.4
NLD,2021-11-05,189,68.92,1.4
NLD,2021-11-12,196,69.21,1.41
NLD,2021-11-19,203,69.49,1.42
NLD,2021-11-26,210,69.77,1.42
NLD,2021-12-03,217,70.11,1.44
NLD,2021-12-10,224,70.45,1.47
NLD,2021-12-17,231,70.77,1.5
NLD,2021-12-24,238,71.03,1.55
NLD,2021-12-31,245,71.18,1.61
POL,2021-04-30,0,7.6,0.3
POL,2021-05-07,7,9.47,0.35
POL,2021-05-14,14,11.68,0.41
POL,2021-05-21,21,14.31,0.47
POL,2021-05-28,28,17.36,0.52
POL,2021-06-04,35,21.27,0.58
POL,2021-06-11,42,25.08,0.64
POL,2021-06-18,49,29.08,0.69
POL,2021-06-25,56,31.89,0.73
POL,2021-07-02,63,36.29,0.79
POL,2021-07-09,70,39.52,0.83
POL,2021-07-16,77,42.09,0.86
POL,2021-07-23,84,44.66,0.89
POL,2021-07-30,91,46.03,0.91
POL,2021-08-06,98,46.92,0.92
POL,2021-08-13,105,47.79,0.93
POL,2021-08-20,112,48.71,0.95
POL,2021-08-27,119,49.4,0.96
POL,2021-09-03,126,50.01,0.96
POL,2021-09-10,133,50.49,0.97
POL,2021-09-17,140,50.85,0.98
POL,2021-09-24,147,51.24,0.98
POL,2021-10-01,154,51.56,0.99
POL,2021-10-08,161,51.7,1
POL,2021-10-15,168,52.16,1.01
POL,2021-10-22,175,52.37,1.02
POL,2021-10-29,182,52.78,1.03
POL,2021-11-05,189,53.03,1.04
POL,2021-11-12,196,53.27,1.05
POL,2021-11-19,203,53.57,1.07
POL,2021-11-26,210,53.82,1.09
POL,2021-12-03,217,54.24,1.12
POL,2021-12-10,224,54.67,1.16
POL,2021-12-17,231,55.07,1.2
POL,2021-12-24,238,55.35,1.22
POL,2021-12-31,245,55.68,1.24
PRT,2021-04-30,0,8.89,0.33
PRT,2021-05-07,7,10.46,0.38
PRT,2021-05-14,14,12.11,0.43
PRT,2021-05-21,21,15.42,0.5
PRT,2021-05-28,28,18.15,0.55
PRT,2021-06-04,35,21.69,0.6
PRT,2021-06-11,42,25.24,0.67
PRT,2021-06-18,49,28.41,0.74
PRT,2021-06-25,56,32.03,0.8
PRT,2021-07-02,63,34.59,0.84
PRT,2021-07-09,70,40.29,0.94
PRT,2021-07-16,77,47.64,1.06
PRT,2021-07-23,84,52.81,1.13
PRT,2021-07-30,91,58.37,1.19
PRT,2021-08-06,98,63.66,1.26
PRT,2021-08-13,105,68.1,1.32
PRT,2021-08-20,112,71.49,1.38
PRT,2021-08-27,119,73.98,1.43
PRT,2021-09-03,126,76.25,1.47
PRT,2021-09-10,133,79.67,1.51
PRT,2021-09-17,140,82.07,1.53
PRT,2021-09-24,147,84.55,1.56
PRT,2021-10-01,154,85.34,1.57
PRT,2021-10-08,161,85.99,1.58
PRT,2021-10-15,168,86.46,1.59
PRT,2021-10-22,175,86.86,1.59
PRT,2021-10-29,182,87.19,1.6
PRT,2021-11-05,189,87.41,1.6
PRT,2021-11-12,196,87.58,1.65
PRT,2021-11-19,203,87.78,1.65
PRT,2021-11-26,210,87.78,1.7
PRT,2021-12-03,217,88.49,1.75
PRT,2021-12-10,224,88.73,1.8
PRT,2021-12-17,231,88.98,1.84
PRT,2021-12-24,238,89.31,1.87
PRT,2021-12-31,245,89.53,1.91
ROU,2021-04-30,0,10.13,0.27
ROU,2021-05-07,7,11.79,0.3
ROU,2021-05-14,14,14.16,0.34
ROU,2021-05-21,21,16.59,0.38
ROU,2021-05-28,28,18.35,0.4
ROU,2021-06-04,35,20.16,0.42
ROU,2021-06-11,42,21.63,0.44
ROU,2021-06-18,49,22.58,0.45
ROU,2021-06-25,56,23.17,0.46
ROU,2021-07-02,63,23.78,0.47
ROU,2021-07-09,70,24.24,0.48
ROU,2021-07-16,77,24.66,0.48
ROU,2021-07-23,84,25.02,0.49
ROU,2021-07-30,91,25.39,0.49
ROU,2021-08-06,98,25.75,0.5
ROU,2021-08-13,105,26.04,0.5
ROU,2021-08-20,112,26.38,0.5
ROU,2021-08-27,119,26.7,0.51
ROU,2021-09-03,126,26.97,0.51
ROU,2021-09-10,133,27.19,0.52
ROU,2021-09-17,140,27.43,0.52
ROU,2021-09-24,147,27.77,0.52
ROU,2021-10-01,154,28.24,0.54
ROU,2021-10-08,161,28.79,0.56
ROU,2021-10-15,168,29.46,0.58
ROU,2021-10-22,175,30.47,0.61
ROU,2021-10-29,182,32.57,0.65
ROU,2021-11-05,189,33.91,0.68
ROU,2021-11-12,196,35.22,0.71
ROU,2021-11-19,203,37.21,0.74
ROU,2021-11-26,210,38.41,0.77
ROU,2021-12-03,217,39.15,0.79
ROU,2021-12-10,224,39.8,0.8
ROU,2021-12-17,231,40.3,0.81
ROU,2021-12-24,238,40.64,0.82
ROU,2021-12-31,245,40.87,0.83
SVK,2021-04-30,0,9.21,0.29
SVK,2021-05-07,7,10.53,0.32
SVK,2021-05-14,14,11.74,0.37
SVK,2021-05-21,21,13.22,0.41
SVK,2021-05-28,28,14.75,0.46
SVK,2021-06-04,35,16.96,0.5
SVK,2021-06-11,42,20.27,0.55
SVK,2021-06-18,49,23.56,0.59
SVK,2021-06-25,56,27.26,0.64
SVK,2021-07-02,63,30.32,0.68
SVK,2021-07-09,70,32.41,0.71
SVK,2021-07-16,77,34.4,0.74
SVK,2021-07-23,84,35.68,0.76
SVK,2021-07-30,91,36.82,0.78
SVK,2021-08-06,98,38.16,0.8
SVK,2021-08-13,105,39.37,0.81
SVK,2021-08-20,112,40.16,0.82
SVK,2021-08-27,119,40.8,0.83
SVK,2021-09-03,126,41.35,0.84
SVK,2021-09-10,133,41.82,0.85
SVK,2021-09-17,140,42.22,0.85
SVK,2021-09-24,147,42.63,0.86
SVK,2021-10-01,154,42.93,0.87
SVK,2021-10-08,161,43.2,0.87
SVK,2021-10-15,168,43.45,0.87
SVK,2021-10-22,175,43.71,0.88
SVK,2021-10-29,182,43.97,0.89
SVK,2021-11-05,189,44.19,0.91
SVK,2021-11-12,196,44.46,0.93
SVK,2021-11-19,203,44.8,0.95
SVK,2021-11-26,210,45.24,0.98
SVK,2021-12-03,217,45.58,1.01
SVK,2021-12-10,224,45.93,1.03
SVK,2021-12-17,231,46.39,1.07
SVK,2021-12-24,238,46.86,1.1
SVK,2021-12-31,245,47.19,1.13
SVN,2021-04-30,0,10.22,0.31
SVN,2021-05-07,7,12.3,0.36
SVN,2021-05-14,14,13.9,0.4
SVN,2021-05-21,21,16.03,0.46
SVN,2021-05-28,28,19.48,0.51
SVN,2021-06-04,35,23.26,0.57
SVN,2021-06-11,42,26.69,0.62
SVN,2021-06-18,49,29.15,0.66
SVN,2021-06-25,56,31.67,0.69
SVN,2021-07-02,63,34.51,0.73
SVN,2021-07-09,70,36.54,0.75
SVN,2021-07-16,77,38.02,0.78
SVN,2021-07-23,84,39.2,0.8
SVN,2021-07-30,91,40.31,0.82
SVN,2021-08-06,98,41.44,0.84
SVN,2021-08-13,105,42.49,0.85
SVN,2021-08-20,112,43.56,0.87
SVN,2021-08-27,119,44.54,0.89
SVN,2021-09-03,126,45.37,0.9
SVN,2021-09-10,133,46.35,0.92
SVN,2021-09-17,140,47.92,0.96
SVN,2021-09-24,147,49,0.99
SVN,2021-10-01,154,49.99,1
SVN,2021-10-08,161,51.66,1.03
SVN,2021-10-15,168,52.82,1.04
SVN,2021-10-22,175,53.41,1.05
SVN,2021-10-29,182,53.75,1.06
SVN,2021-11-05,189,54.03,1.09
SVN,2021-11-12,196,54.36,1.13
SVN,2021-11-19,203,54.71,1.18
SVN,2021-11-26,210,55.09,1.21
SVN,2021-12-03,217,55.64,1.24
SVN,2021-12-10,224,56.24,1.26
SVN,2021-12-17,231,56.66,1.28
SVN,2021-12-24,238,57.07,1.32
SVN,2021-12-31,245,57.25,1.33
ESP,2021-04-30,0,10.03,0.35
ESP,2021-05-07,7,12.74,0.41
ESP,2021-05-14,14,14.92,0.46
ESP,2021-05-21,21,16.83,0.51
ESP,2021-05-28,28,18.83,0.56
ESP,2021-06-04,35,21.94,0.62
ESP,2021-06-11,42,26.21,0.69
ESP,2021-06-18,49,29.82,0.76
ESP,2021-06-25,56,34,0.83
ESP,2021-07-02,63,39.5,0.92
ESP,2021-07-09,70,44.92,1
ESP,2021-07-16,77,50,1.07
ESP,2021-07-23,84,54.33,1.14
ESP,2021-07-30,91,57.62,1.2
ESP,2021-08-06,98,60.45,1.25
ESP,2021-08-13,105,63.16,1.3
ESP,2021-08-20,112,66.52,1.35
ESP,2021-08-27,119,69.44,1.39
ESP,2021-09-03,126,72.61,1.43
ESP,2021-09-10,133,75.02,1.46
ESP,2021-09-17,140,76.55,1.48
ESP,2021-09-24,147,77.73,1.49
ESP,2021-10-01,154,78.44,1.5
ESP,2021-10-08,161,78.87,1.51
ESP,2021-10-15,168,79.21,1.52
ESP,2021-10-22,175,79.58,1.52
ESP,2021-10-29,182,79.83,1.54
ESP,2021-11-05,189,79.96,1.55
ESP,2021-11-12,196,80.11,1.57
ESP,2021-11-19,203,80.26,1.6
ESP,2021-11-26,210,80.4,1.63
ESP,2021-12-03,217,80.55,1.65
ESP,2021-12-10,224,80.66,1.66
ESP,2021-12-17,231,80.82,1.77
ESP,2021-12-24,238,80.93,1.79
ESP,2021-12-31,245,81.01,1.79
SWE,2021-04-30,0,7.68,0.31
SWE,2021-05-07,7,7.95,0.35
SWE,2021-05-14,14,9.09,0.4
SWE,2021-05-21,21,10.55,0.44
SWE,2021-05-28,28,12.57,0.48
SWE,2021-06-04,35,15.42,0.53
SWE,2021-06-11,42,19.05,0.59
SWE,2021-06-18,49,23.09,0.66
SWE,2021-06-25,56,27.72,0.73
SWE,2021-07-02,63,31.14,0.8
SWE,2021-07-09,70,34.32,0.87
SWE,2021-07-16,77,36.39,0.93
SWE,2021-07-23,84,37.96,0.98
SWE,2021-07-30,91,39.98,1.02
SWE,2021-08-06,98,42.53,1.06
SWE,2021-08-13,105,45.44,1.1
SWE,2021-08-20,112,48.74,1.15
SWE,2021-08-27,119,52.78,1.2
SWE,2021-09-03,126,56.55,1.24
SWE,2021-09-10,133,59.47,1.28
SWE,2021-09-17,140,61.6,1.31
SWE,2021-09-24,147,63.33,1.33
SWE,2021-10-01,154,64.61,1.35
SWE,2021-10-08,161,65.68,1.37
SWE,2021-10-15,168,66.43,1.38
SWE,2021-10-22,175,67.02,1.4
SWE,2021-10-29,182,67.49,1.42
SWE,2021-11-05,189,67.96,1.44
SWE,2021-11-12,196,68.27,1.45
SWE,2021-11-19,203,68.81,1.48
SWE,2021-11-26,210,69.45,1.52
SWE,2021-12-03,217,70.21,1.56
SWE,2021-12-10,224,70.91,1.61
SWE,2021-12-17,231,71.6,1.65
SWE,2021-12-24,238,72.21,1.7
SWE,2021-12-31,245,72.65,1.73